tool	format	replicate	axis	slice_size	slice_type	slice_id	time_cpu	time_elapsed	entries_loaded
bpcells	cellmajor_norm	rep1	gene	60530	sequential	001	591.29	41.377	95645830752
bpcells	cellmajor_norm	rep2	gene	60530	sequential	001	606.9259999999999	42.37	95645830752
bpcells	cellmajor	rep1	cell	1	random	001	0.42599999999999993	0.43800000000000017	1620
bpcells	cellmajor	rep1	cell	1	random	002	0.43599999999999994	0.43900000000000006	1393
bpcells	cellmajor	rep1	cell	1	random	003	0.4220000000000004	0.43500000000000005	5528
bpcells	cellmajor	rep1	cell	1	random	004	0.4299999999999998	0.43299999999999983	2600
bpcells	cellmajor	rep1	cell	1	random	005	0.43900000000000017	0.44999999999999973	2736
bpcells	cellmajor	rep1	cell	1	random	006	0.43399999999999994	0.43800000000000017	637
bpcells	cellmajor	rep1	cell	1	random	007	0.44199999999999984	0.4530000000000003	690
bpcells	cellmajor	rep1	cell	1	random	008	0.43999999999999995	0.4509999999999996	1604
bpcells	cellmajor	rep1	cell	1	random	009	0.44099999999999984	0.4419999999999997	1496
bpcells	cellmajor	rep1	cell	1	random	010	0.44099999999999995	0.44300000000000006	936
bpcells	cellmajor	rep1	cell	1	sequential	001	0.425	0.44499999999999984	1227
bpcells	cellmajor	rep1	cell	1	sequential	002	0.42499999999999993	0.4370000000000003	244
bpcells	cellmajor	rep1	cell	1	sequential	003	0.4289999999999997	0.44099999999999984	1779
bpcells	cellmajor	rep1	cell	1	sequential	004	0.42399999999999993	0.43599999999999994	2141
bpcells	cellmajor	rep1	cell	1	sequential	005	0.42499999999999993	0.43599999999999994	1842
bpcells	cellmajor	rep1	cell	1	sequential	006	0.42200000000000026	0.4249999999999998	3686
bpcells	cellmajor	rep1	cell	1	sequential	007	0.4290000000000001	0.4410000000000003	986
bpcells	cellmajor	rep1	cell	1	sequential	008	0.425	0.42799999999999994	607
bpcells	cellmajor	rep1	cell	1	sequential	009	0.424	0.43500000000000005	2065
bpcells	cellmajor	rep1	cell	1	sequential	010	0.424	0.4270000000000001	902
bpcells	cellmajor	rep1	cell	10	random	001	0.4530000000000002	0.4540000000000002	22019
bpcells	cellmajor	rep1	cell	10	random	002	0.4620000000000002	0.4620000000000002	18663
bpcells	cellmajor	rep1	cell	10	random	003	0.4570000000000001	0.4590000000000001	13522
bpcells	cellmajor	rep1	cell	10	random	004	0.44100000000000006	0.4419999999999997	9603
bpcells	cellmajor	rep1	cell	10	random	005	0.4520000000000004	0.45299999999999985	27337
bpcells	cellmajor	rep1	cell	10	random	006	0.44000000000000017	0.43999999999999995	18738
bpcells	cellmajor	rep1	cell	10	random	007	0.45200000000000007	0.45299999999999985	22797
bpcells	cellmajor	rep1	cell	10	random	008	0.4280000000000001	0.42799999999999994	17717
bpcells	cellmajor	rep1	cell	10	random	009	0.4340000000000003	0.43199999999999994	23868
bpcells	cellmajor	rep1	cell	10	random	010	0.456	0.456	15870
bpcells	cellmajor	rep1	cell	10	sequential	001	0.42600000000000016	0.43699999999999983	16899
bpcells	cellmajor	rep1	cell	10	sequential	002	0.4280000000000004	0.4310000000000001	18994
bpcells	cellmajor	rep1	cell	10	sequential	003	0.4409999999999997	0.4439999999999999	11307
bpcells	cellmajor	rep1	cell	10	sequential	004	0.42599999999999993	0.4289999999999998	17935
bpcells	cellmajor	rep1	cell	10	sequential	005	0.45399999999999974	0.4580000000000002	4431
bpcells	cellmajor	rep1	cell	10	sequential	006	0.44100000000000006	0.4439999999999999	79381
bpcells	cellmajor	rep1	cell	10	sequential	007	0.42900000000000016	0.4290000000000002	24219
bpcells	cellmajor	rep1	cell	10	sequential	008	0.4450000000000003	0.4479999999999999	13630
bpcells	cellmajor	rep1	cell	10	sequential	009	0.4450000000000003	0.44700000000000006	86435
bpcells	cellmajor	rep1	cell	10	sequential	010	0.44600000000000006	0.44999999999999973	50471
bpcells	cellmajor	rep1	cell	100	random	001	0.4870000000000002	0.4870000000000001	255263
bpcells	cellmajor	rep1	cell	100	random	002	0.46699999999999986	0.4700000000000002	200844
bpcells	cellmajor	rep1	cell	100	random	003	0.478	0.48	243925
bpcells	cellmajor	rep1	cell	100	random	004	0.484	0.4890000000000003	184709
bpcells	cellmajor	rep1	cell	100	random	005	0.485	0.4860000000000002	220583
bpcells	cellmajor	rep1	cell	100	random	006	0.489	0.4910000000000001	198689
bpcells	cellmajor	rep1	cell	100	random	007	0.46699999999999986	0.4790000000000001	240527
bpcells	cellmajor	rep1	cell	100	random	008	0.4830000000000001	0.4829999999999997	199362
bpcells	cellmajor	rep1	cell	100	random	009	0.461	0.4670000000000001	203356
bpcells	cellmajor	rep1	cell	100	random	010	0.4810000000000002	0.4830000000000001	188593
bpcells	cellmajor	rep1	cell	100	sequential	001	0.4440000000000004	0.4530000000000003	80890
bpcells	cellmajor	rep1	cell	100	sequential	002	0.4469999999999996	0.4500000000000002	133123
bpcells	cellmajor	rep1	cell	100	sequential	003	0.4280000000000001	0.4310000000000001	176468
bpcells	cellmajor	rep1	cell	100	sequential	004	0.44200000000000006	0.4460000000000002	177045
bpcells	cellmajor	rep1	cell	100	sequential	005	0.45	0.4530000000000003	176565
bpcells	cellmajor	rep1	cell	100	sequential	006	0.42800000000000016	0.43199999999999994	244061
bpcells	cellmajor	rep1	cell	100	sequential	007	0.4510000000000003	0.4540000000000002	241329
bpcells	cellmajor	rep1	cell	100	sequential	008	0.44099999999999995	0.44499999999999984	283769
bpcells	cellmajor	rep1	cell	100	sequential	009	0.4299999999999997	0.43400000000000016	306538
bpcells	cellmajor	rep1	cell	100	sequential	010	0.4450000000000004	0.4479999999999999	332485
bpcells	cellmajor	rep1	cell	1000	random	001	0.7050000000000001	0.6310000000000002	2103783
bpcells	cellmajor	rep1	cell	1000	random	002	0.675	0.6040000000000001	2189598
bpcells	cellmajor	rep1	cell	1000	random	003	0.6839999999999998	0.6149999999999998	2075667
bpcells	cellmajor	rep1	cell	1000	random	004	0.674	0.6059999999999999	2086627
bpcells	cellmajor	rep1	cell	1000	random	005	0.6849999999999999	0.6220000000000003	2121041
bpcells	cellmajor	rep1	cell	1000	random	006	0.6869999999999997	0.613	2238575
bpcells	cellmajor	rep1	cell	1000	random	007	0.69	0.617	2117167
bpcells	cellmajor	rep1	cell	1000	random	008	0.6660000000000001	0.6080000000000001	2178672
bpcells	cellmajor	rep1	cell	1000	random	009	0.6799999999999999	0.6139999999999999	2084946
bpcells	cellmajor	rep1	cell	1000	random	010	0.684	0.6139999999999999	2186198
bpcells	cellmajor	rep1	cell	1000	sequential	001	0.44100000000000006	0.46	2656310
bpcells	cellmajor	rep1	cell	1000	sequential	002	0.4330000000000001	0.43699999999999983	1988884
bpcells	cellmajor	rep1	cell	1000	sequential	003	0.4339999999999997	0.43699999999999983	1193776
bpcells	cellmajor	rep1	cell	1000	sequential	004	0.4459999999999999	0.44899999999999984	1716237
bpcells	cellmajor	rep1	cell	1000	sequential	005	0.4560000000000002	0.46	5606085
bpcells	cellmajor	rep1	cell	1000	sequential	006	0.4309999999999997	0.43500000000000005	1805526
bpcells	cellmajor	rep1	cell	1000	sequential	007	0.44099999999999984	0.4460000000000002	2508580
bpcells	cellmajor	rep1	cell	1000	sequential	008	0.43599999999999983	0.43900000000000006	431993
bpcells	cellmajor	rep1	cell	1000	sequential	009	0.43500000000000016	0.43999999999999995	1283280
bpcells	cellmajor	rep1	cell	1000	sequential	010	0.46399999999999975	0.4670000000000001	6995556
bpcells	cellmajor	rep1	cell	10000	random	001	1.7949999999999997	1.144	21523985
bpcells	cellmajor	rep1	cell	10000	random	002	1.739	1.108	21582484
bpcells	cellmajor	rep1	cell	10000	random	003	1.672	1.076	21710922
bpcells	cellmajor	rep1	cell	10000	random	004	1.6349999999999998	1.049	21557091
bpcells	cellmajor	rep1	cell	10000	random	005	1.5910000000000002	1.017	21456885
bpcells	cellmajor	rep1	cell	10000	random	006	1.5739999999999998	1.0139999999999998	21527438
bpcells	cellmajor	rep1	cell	10000	random	007	1.594	0.9800000000000004	21585808
bpcells	cellmajor	rep1	cell	10000	random	008	1.519	0.967	21646585
bpcells	cellmajor	rep1	cell	10000	random	009	1.5010000000000003	0.943	21516026
bpcells	cellmajor	rep1	cell	10000	random	010	1.5109999999999997	0.9260000000000002	21445864
bpcells	cellmajor	rep1	cell	10000	sequential	001	0.464	0.4849999999999999	9037105
bpcells	cellmajor	rep1	cell	10000	sequential	002	0.493	0.5	16739383
bpcells	cellmajor	rep1	cell	10000	sequential	003	0.4989999999999999	0.5049999999999999	21827533
bpcells	cellmajor	rep1	cell	10000	sequential	004	0.5540000000000003	0.5579999999999998	47175808
bpcells	cellmajor	rep1	cell	10000	sequential	005	0.505	0.5069999999999997	46893304
bpcells	cellmajor	rep1	cell	10000	sequential	006	0.5059999999999998	0.5110000000000001	25368693
bpcells	cellmajor	rep1	cell	10000	sequential	007	0.5109999999999999	0.5020000000000002	21274710
bpcells	cellmajor	rep1	cell	10000	sequential	008	0.5049999999999997	0.5099999999999998	17489161
bpcells	cellmajor	rep1	cell	10000	sequential	009	0.4840000000000001	0.492	27381151
bpcells	cellmajor	rep1	cell	10000	sequential	010	0.477	0.484	9970175
bpcells	cellmajor	rep1	cell	100000	random	001	8.751000000000001	3.3520000000000003	216301828
bpcells	cellmajor	rep1	cell	100000	random	002	8.450000000000001	3.1999999999999997	215870467
bpcells	cellmajor	rep1	cell	100000	random	003	8.866	3.3720000000000003	216523214
bpcells	cellmajor	rep1	cell	100000	random	004	8.604	3.273	216287462
bpcells	cellmajor	rep1	cell	100000	random	005	8.530999999999999	3.1860000000000004	216443608
bpcells	cellmajor	rep1	cell	100000	random	006	8.646	3.1319999999999997	216210462
bpcells	cellmajor	rep1	cell	100000	random	007	8.657	3.0810000000000004	215947518
bpcells	cellmajor	rep1	cell	100000	random	008	8.765	3.123	215794373
bpcells	cellmajor	rep1	cell	100000	random	009	8.356000000000002	3.0650000000000004	216269727
bpcells	cellmajor	rep1	cell	100000	random	010	8.495000000000001	3	216626273
bpcells	cellmajor	rep1	cell	100000	sequential	001	0.8380000000000001	0.8399999999999999	69555091
bpcells	cellmajor	rep1	cell	100000	sequential	002	0.8419999999999996	0.8639999999999999	69303174
bpcells	cellmajor	rep1	cell	100000	sequential	003	0.88	0.903	79339640
bpcells	cellmajor	rep1	cell	100000	sequential	004	0.8519999999999999	0.8559999999999999	87635801
bpcells	cellmajor	rep1	cell	100000	sequential	005	0.8369999999999999	0.7469999999999999	150236057
bpcells	cellmajor	rep1	cell	100000	sequential	006	0.8440000000000002	0.8289999999999997	79282936
bpcells	cellmajor	rep1	cell	100000	sequential	007	0.921	0.8700000000000001	153009228
bpcells	cellmajor	rep1	cell	100000	sequential	008	1.0040000000000002	1.033	180063262
bpcells	cellmajor	rep1	cell	100000	sequential	009	0.891	0.8780000000000001	155953359
bpcells	cellmajor	rep1	cell	100000	sequential	010	0.6959999999999997	0.6659999999999999	45904696
bpcells	cellmajor	rep1	cell	300000	random	001	23.755	7.846000000000001	648613446
bpcells	cellmajor	rep1	cell	300000	random	002	23.763	7.908999999999999	647499299
bpcells	cellmajor	rep1	cell	300000	random	003	24.333	7.845	648140443
bpcells	cellmajor	rep1	cell	300000	random	004	24.246	7.678000000000001	646613501
bpcells	cellmajor	rep1	cell	300000	random	005	24.644	7.739	649007219
bpcells	cellmajor	rep1	cell	300000	random	006	24.659	7.670999999999999	646936324
bpcells	cellmajor	rep1	cell	300000	random	007	24.487	7.705	645660552
bpcells	cellmajor	rep1	cell	300000	random	008	27.811	8.057	646845203
bpcells	cellmajor	rep1	cell	300000	random	009	25.447	7.892	648533014
bpcells	cellmajor	rep1	cell	300000	random	010	25.496	7.863999999999999	647874240
bpcells	cellmajor	rep1	cell	300000	sequential	001	2.052	1.3409999999999995	540534732
bpcells	cellmajor	rep1	cell	300000	sequential	002	2.7940000000000005	1.99	874381919
bpcells	cellmajor	rep1	cell	300000	sequential	003	2.636	1.6430000000000002	851915523
bpcells	cellmajor	rep1	cell	300000	sequential	004	4.453	2.0680000000000005	1652862106
bpcells	cellmajor	rep1	cell	300000	sequential	005	1.604	1.145	360119687
bpcells	cellmajor	rep1	cell	300000	sequential	006	2.217	1.431	598147731
bpcells	cellmajor	rep1	cell	300000	sequential	007	1.227	1.041	175006627
bpcells	cellmajor	rep1	cell	300000	sequential	008	3.868	1.996	1318660483
bpcells	cellmajor	rep1	cell	300000	sequential	009	1.949	1.282	505857952
bpcells	cellmajor	rep1	cell	300000	sequential	010	2.242	1.3249999999999995	641938092
bpcells	cellmajor	rep1	gene	1	random	001	635.459	44.771	39475
bpcells	cellmajor	rep1	gene	1	random	002	636.639	44.92700000000001	10912
bpcells	cellmajor	rep1	gene	1	random	003	638.3320000000001	44.939	826
bpcells	cellmajor	rep1	gene	1	random	004	636.629	44.999	234451
bpcells	cellmajor	rep1	gene	1	random	005	637.969	45.094	5379870
bpcells	cellmajor	rep1	gene	1	random	006	641.5440000000001	45.298	29740
bpcells	cellmajor	rep1	gene	1	random	007	640.8040000000001	45.208	4572078
bpcells	cellmajor	rep1	gene	1	random	008	639.177	45.06	319
bpcells	cellmajor	rep1	gene	1	random	009	640.0550000000001	45.178	292790
bpcells	cellmajor	rep1	gene	1	random	010	638.886	45.182	88431
bpcells	cellmajor	rep1	gene	1	sequential	001	599.558	42.255	8405
bpcells	cellmajor	rep1	gene	1	sequential	002	612.024	43.150000000000006	469073
bpcells	cellmajor	rep1	gene	1	sequential	003	616.0369999999999	43.522	256
bpcells	cellmajor	rep1	gene	1	sequential	004	625.91	44.107	697
bpcells	cellmajor	rep1	gene	1	sequential	005	626.669	44.236	70651
bpcells	cellmajor	rep1	gene	1	sequential	006	630.173	44.459	3220
bpcells	cellmajor	rep1	gene	1	sequential	007	631.4209999999999	44.510000000000005	28
bpcells	cellmajor	rep1	gene	1	sequential	008	633.6239999999999	44.788	5889061
bpcells	cellmajor	rep1	gene	1	sequential	009	638.87	44.84	5824
bpcells	cellmajor	rep1	gene	1	sequential	010	639.334	45.161	18595333
bpcells	cellmajor	rep1	gene	10	random	001	645.1750000000001	45.489999999999995	42619032
bpcells	cellmajor	rep1	gene	10	random	002	644.712	45.513000000000005	345855
bpcells	cellmajor	rep1	gene	10	random	003	643.5840000000001	45.374	17853445
bpcells	cellmajor	rep1	gene	10	random	004	643.7650000000001	45.399	15245180
bpcells	cellmajor	rep1	gene	10	random	005	647.8149999999999	45.473	26254672
bpcells	cellmajor	rep1	gene	10	random	006	645.347	45.491	7445840
bpcells	cellmajor	rep1	gene	10	random	007	640.9350000000001	45.207	19325203
bpcells	cellmajor	rep1	gene	10	random	008	642.563	45.462	22966067
bpcells	cellmajor	rep1	gene	10	random	009	642.605	45.303	18540021
bpcells	cellmajor	rep1	gene	10	random	010	646.0989999999999	45.617	49497750
bpcells	cellmajor	rep1	gene	10	sequential	001	642.578	45.371	57003345
bpcells	cellmajor	rep1	gene	10	sequential	002	642.027	45.288	29367130
bpcells	cellmajor	rep1	gene	10	sequential	003	643.5559999999999	45.400000000000006	49935993
bpcells	cellmajor	rep1	gene	10	sequential	004	645.469	45.561	56752978
bpcells	cellmajor	rep1	gene	10	sequential	005	643.259	45.189	334788
bpcells	cellmajor	rep1	gene	10	sequential	006	644.558	45.403	9558244
bpcells	cellmajor	rep1	gene	10	sequential	007	639.608	45.183	162115
bpcells	cellmajor	rep1	gene	10	sequential	008	641.105	45.164	173102
bpcells	cellmajor	rep1	gene	10	sequential	009	645.019	45.608	2720
bpcells	cellmajor	rep1	gene	10	sequential	010	645.056	45.583	8966
bpcells	cellmajor	rep1	gene	100	random	001	647.804	45.574000000000005	188007877
bpcells	cellmajor	rep1	gene	100	random	002	647.1080000000001	45.617	183843925
bpcells	cellmajor	rep1	gene	100	random	003	643.262	45.388	200310196
bpcells	cellmajor	rep1	gene	100	random	004	640.174	45.204	144487462
bpcells	cellmajor	rep1	gene	100	random	005	640.758	45.184999999999995	103554818
bpcells	cellmajor	rep1	gene	100	random	006	641.0790000000001	45.139	102051912
bpcells	cellmajor	rep1	gene	100	random	007	642.3770000000001	45.261	115538142
bpcells	cellmajor	rep1	gene	100	random	008	642.4590000000001	45.315000000000005	136927646
bpcells	cellmajor	rep1	gene	100	random	009	645.706	45.54	150606224
bpcells	cellmajor	rep1	gene	100	random	010	646.789	45.525000000000006	157028252
bpcells	cellmajor	rep1	gene	100	sequential	001	639.122	45.068	1249782
bpcells	cellmajor	rep1	gene	100	sequential	002	637.754	45.182	4195319
bpcells	cellmajor	rep1	gene	100	sequential	003	640.155	45.122	64897940
bpcells	cellmajor	rep1	gene	100	sequential	004	641.45	45.224	6166514
bpcells	cellmajor	rep1	gene	100	sequential	005	641.9290000000001	45.3	249304590
bpcells	cellmajor	rep1	gene	100	sequential	006	640.152	45.168000000000006	3878545
bpcells	cellmajor	rep1	gene	100	sequential	007	641.029	45.245	2573526
bpcells	cellmajor	rep1	gene	100	sequential	008	642.944	45.341	3205980
bpcells	cellmajor	rep1	gene	100	sequential	009	643.3489999999999	45.353	619199008
bpcells	cellmajor	rep1	gene	100	sequential	010	638.868	45.056	21239213
bpcells	cellmajor	rep1	gene	300	random	001	649.109	45.581	485855708
bpcells	cellmajor	rep1	gene	300	random	002	646.281	45.621	491796881
bpcells	cellmajor	rep1	gene	300	random	003	646.132	45.632	465034565
bpcells	cellmajor	rep1	gene	300	random	004	646.908	45.714	443602972
bpcells	cellmajor	rep1	gene	300	random	005	647.095	45.57	515296945
bpcells	cellmajor	rep1	gene	300	random	006	645.315	45.447	482805339
bpcells	cellmajor	rep1	gene	300	random	007	648.3610000000001	45.632	499335858
bpcells	cellmajor	rep1	gene	300	random	008	648.203	45.678	445853223
bpcells	cellmajor	rep1	gene	300	random	009	644.408	45.371	420942939
bpcells	cellmajor	rep1	gene	300	random	010	646.581	45.603	520331555
bpcells	cellmajor	rep1	gene	300	sequential	001	645.6479999999999	45.373999999999995	1075241161
bpcells	cellmajor	rep1	gene	300	sequential	002	648.2160000000001	45.712	1532889651
bpcells	cellmajor	rep1	gene	300	sequential	003	640.9100000000001	45.196000000000005	11651242
bpcells	cellmajor	rep1	gene	300	sequential	004	639.5550000000001	44.979	17035386
bpcells	cellmajor	rep1	gene	300	sequential	005	638.7739999999999	44.976	3952546
bpcells	cellmajor	rep1	gene	300	sequential	006	640.7239999999999	45.23500000000001	96023905
bpcells	cellmajor	rep1	gene	300	sequential	007	639.799	45.146	74468997
bpcells	cellmajor	rep1	gene	300	sequential	008	643.057	45.212	17052807
bpcells	cellmajor	rep1	gene	300	sequential	009	643.8829999999999	45.508	961234672
bpcells	cellmajor	rep1	gene	300	sequential	010	640.072	45.223	17389424
bpcells	cellmajor	rep1	gene	60530	sequential	001	512.675	36.853	95645830752
bpcells	cellmajor	rep2	cell	1	random	001	0.4590000000000001	0.46099999999999985	1620
bpcells	cellmajor	rep2	cell	1	random	002	0.4289999999999997	0.4310000000000001	1393
bpcells	cellmajor	rep2	cell	1	random	003	0.478	0.48	5528
bpcells	cellmajor	rep2	cell	1	random	004	0.4259999999999996	0.4289999999999998	2600
bpcells	cellmajor	rep2	cell	1	random	005	0.43499999999999983	0.43599999999999994	2736
bpcells	cellmajor	rep2	cell	1	random	006	0.4750000000000001	0.47799999999999976	637
bpcells	cellmajor	rep2	cell	1	random	007	0.42699999999999994	0.4290000000000002	690
bpcells	cellmajor	rep2	cell	1	random	008	0.4510000000000003	0.4540000000000002	1604
bpcells	cellmajor	rep2	cell	1	random	009	0.423	0.4249999999999998	1496
bpcells	cellmajor	rep2	cell	1	random	010	0.4690000000000002	0.47299999999999986	936
bpcells	cellmajor	rep2	cell	1	sequential	001	0.4880000000000001	0.5	1227
bpcells	cellmajor	rep2	cell	1	sequential	002	0.44999999999999984	0.45299999999999985	244
bpcells	cellmajor	rep2	cell	1	sequential	003	0.5079999999999998	0.5100000000000002	1779
bpcells	cellmajor	rep2	cell	1	sequential	004	0.44300000000000006	0.4460000000000002	2141
bpcells	cellmajor	rep2	cell	1	sequential	005	0.4920000000000001	0.496	1842
bpcells	cellmajor	rep2	cell	1	sequential	006	0.4330000000000001	0.43500000000000005	3686
bpcells	cellmajor	rep2	cell	1	sequential	007	0.4919999999999999	0.4940000000000002	986
bpcells	cellmajor	rep2	cell	1	sequential	008	0.43600000000000017	0.43800000000000017	607
bpcells	cellmajor	rep2	cell	1	sequential	009	0.4820000000000002	0.484	2065
bpcells	cellmajor	rep2	cell	1	sequential	010	0.4640000000000002	0.4670000000000001	902
bpcells	cellmajor	rep2	cell	10	random	001	0.4490000000000004	0.4490000000000003	22019
bpcells	cellmajor	rep2	cell	10	random	002	0.4599999999999996	0.4620000000000002	18663
bpcells	cellmajor	rep2	cell	10	random	003	0.46199999999999974	0.46199999999999974	13522
bpcells	cellmajor	rep2	cell	10	random	004	0.4430000000000003	0.4429999999999996	9603
bpcells	cellmajor	rep2	cell	10	random	005	0.44900000000000007	0.44999999999999973	27337
bpcells	cellmajor	rep2	cell	10	random	006	0.44900000000000007	0.4479999999999999	18738
bpcells	cellmajor	rep2	cell	10	random	007	0.42000000000000026	0.4200000000000004	22797
bpcells	cellmajor	rep2	cell	10	random	008	0.41900000000000015	0.419	17717
bpcells	cellmajor	rep2	cell	10	random	009	0.4610000000000003	0.46099999999999985	23868
bpcells	cellmajor	rep2	cell	10	random	010	0.4600000000000001	0.4610000000000003	15870
bpcells	cellmajor	rep2	cell	10	sequential	001	0.44599999999999984	0.456	16899
bpcells	cellmajor	rep2	cell	10	sequential	002	0.42199999999999993	0.4249999999999998	18994
bpcells	cellmajor	rep2	cell	10	sequential	003	0.44899999999999984	0.45299999999999985	11307
bpcells	cellmajor	rep2	cell	10	sequential	004	0.4439999999999998	0.44700000000000006	17935
bpcells	cellmajor	rep2	cell	10	sequential	005	0.45000000000000007	0.4520000000000004	4431
bpcells	cellmajor	rep2	cell	10	sequential	006	0.455	0.45699999999999985	79381
bpcells	cellmajor	rep2	cell	10	sequential	007	0.4429999999999999	0.4459999999999998	24219
bpcells	cellmajor	rep2	cell	10	sequential	008	0.45000000000000007	0.45399999999999974	13630
bpcells	cellmajor	rep2	cell	10	sequential	009	0.4610000000000001	0.4630000000000001	86435
bpcells	cellmajor	rep2	cell	10	sequential	010	0.4579999999999996	0.4620000000000002	50471
bpcells	cellmajor	rep2	cell	100	random	001	0.47799999999999976	0.4790000000000001	255263
bpcells	cellmajor	rep2	cell	100	random	002	0.4870000000000002	0.484	200844
bpcells	cellmajor	rep2	cell	100	random	003	0.4880000000000001	0.4850000000000003	243925
bpcells	cellmajor	rep2	cell	100	random	004	0.488	0.48599999999999977	184709
bpcells	cellmajor	rep2	cell	100	random	005	0.4730000000000001	0.4749999999999997	220583
bpcells	cellmajor	rep2	cell	100	random	006	0.4690000000000002	0.46499999999999986	198689
bpcells	cellmajor	rep2	cell	100	random	007	0.4750000000000002	0.4700000000000002	240527
bpcells	cellmajor	rep2	cell	100	random	008	0.4880000000000001	0.484	199362
bpcells	cellmajor	rep2	cell	100	random	009	0.49	0.48999999999999977	203356
bpcells	cellmajor	rep2	cell	100	random	010	0.4850000000000002	0.4929999999999999	188593
bpcells	cellmajor	rep2	cell	100	sequential	001	0.47599999999999976	0.48999999999999977	80890
bpcells	cellmajor	rep2	cell	100	sequential	002	0.4530000000000002	0.456	133123
bpcells	cellmajor	rep2	cell	100	sequential	003	0.4149999999999999	0.419	176468
bpcells	cellmajor	rep2	cell	100	sequential	004	0.4540000000000003	0.45699999999999985	177045
bpcells	cellmajor	rep2	cell	100	sequential	005	0.45200000000000007	0.4549999999999996	176565
bpcells	cellmajor	rep2	cell	100	sequential	006	0.4540000000000003	0.45699999999999985	244061
bpcells	cellmajor	rep2	cell	100	sequential	007	0.41900000000000015	0.42399999999999993	241329
bpcells	cellmajor	rep2	cell	100	sequential	008	0.42499999999999993	0.42799999999999994	283769
bpcells	cellmajor	rep2	cell	100	sequential	009	0.45100000000000007	0.4540000000000002	306538
bpcells	cellmajor	rep2	cell	100	sequential	010	0.43499999999999983	0.43900000000000006	332485
bpcells	cellmajor	rep2	cell	1000	random	001	0.616	0.5470000000000002	2103783
bpcells	cellmajor	rep2	cell	1000	random	002	0.6199999999999997	0.548	2189598
bpcells	cellmajor	rep2	cell	1000	random	003	0.613	0.544	2075667
bpcells	cellmajor	rep2	cell	1000	random	004	0.6480000000000001	0.5789999999999997	2086627
bpcells	cellmajor	rep2	cell	1000	random	005	0.6409999999999999	0.5680000000000001	2121041
bpcells	cellmajor	rep2	cell	1000	random	006	0.6519999999999998	0.5830000000000002	2238575
bpcells	cellmajor	rep2	cell	1000	random	007	0.6469999999999999	0.577	2117167
bpcells	cellmajor	rep2	cell	1000	random	008	0.6320000000000001	0.5529999999999999	2178672
bpcells	cellmajor	rep2	cell	1000	random	009	0.6380000000000002	0.5680000000000001	2084946
bpcells	cellmajor	rep2	cell	1000	random	010	0.6139999999999999	0.5449999999999999	2186198
bpcells	cellmajor	rep2	cell	1000	sequential	001	0.4079999999999999	0.419	2656310
bpcells	cellmajor	rep2	cell	1000	sequential	002	0.4099999999999998	0.4129999999999998	1988884
bpcells	cellmajor	rep2	cell	1000	sequential	003	0.4239999999999998	0.4270000000000001	1193776
bpcells	cellmajor	rep2	cell	1000	sequential	004	0.413	0.4159999999999999	1716237
bpcells	cellmajor	rep2	cell	1000	sequential	005	0.43100000000000016	0.43599999999999994	5606085
bpcells	cellmajor	rep2	cell	1000	sequential	006	0.4269999999999998	0.4310000000000001	1805526
bpcells	cellmajor	rep2	cell	1000	sequential	007	0.4479999999999996	0.45100000000000007	2508580
bpcells	cellmajor	rep2	cell	1000	sequential	008	0.44000000000000017	0.44300000000000006	431993
bpcells	cellmajor	rep2	cell	1000	sequential	009	0.44099999999999984	0.4439999999999999	1283280
bpcells	cellmajor	rep2	cell	1000	sequential	010	0.4459999999999998	0.44899999999999984	6995556
bpcells	cellmajor	rep2	cell	10000	random	001	1.519	0.81	21523985
bpcells	cellmajor	rep2	cell	10000	random	002	1.5770000000000004	0.8320000000000003	21582484
bpcells	cellmajor	rep2	cell	10000	random	003	1.4450000000000005	0.8440000000000003	21710922
bpcells	cellmajor	rep2	cell	10000	random	004	1.4590000000000003	0.81	21557091
bpcells	cellmajor	rep2	cell	10000	random	005	1.4580000000000002	0.847	21456885
bpcells	cellmajor	rep2	cell	10000	random	006	1.466	0.839	21527438
bpcells	cellmajor	rep2	cell	10000	random	007	1.434	0.8260000000000001	21585808
bpcells	cellmajor	rep2	cell	10000	random	008	1.5300000000000002	0.8319999999999999	21646585
bpcells	cellmajor	rep2	cell	10000	random	009	1.442	0.8399999999999999	21516026
bpcells	cellmajor	rep2	cell	10000	random	010	1.499	0.8280000000000003	21445864
bpcells	cellmajor	rep2	cell	10000	sequential	001	0.46599999999999986	0.48	9037105
bpcells	cellmajor	rep2	cell	10000	sequential	002	0.4819999999999999	0.4889999999999999	16739383
bpcells	cellmajor	rep2	cell	10000	sequential	003	0.519	0.5249999999999999	21827533
bpcells	cellmajor	rep2	cell	10000	sequential	004	0.5319999999999999	0.5420000000000003	47175808
bpcells	cellmajor	rep2	cell	10000	sequential	005	0.526	0.5289999999999999	46893304
bpcells	cellmajor	rep2	cell	10000	sequential	006	0.5099999999999997	0.5150000000000001	25368693
bpcells	cellmajor	rep2	cell	10000	sequential	007	0.4960000000000001	0.488	21274710
bpcells	cellmajor	rep2	cell	10000	sequential	008	0.458	0.4620000000000002	17489161
bpcells	cellmajor	rep2	cell	10000	sequential	009	0.5019999999999998	0.5060000000000002	27381151
bpcells	cellmajor	rep2	cell	10000	sequential	010	0.46799999999999975	0.47399999999999975	9970175
bpcells	cellmajor	rep2	cell	100000	random	001	8.398	2.8739999999999997	216301828
bpcells	cellmajor	rep2	cell	100000	random	002	8.295	2.841	215870467
bpcells	cellmajor	rep2	cell	100000	random	003	8.575	2.887	216523214
bpcells	cellmajor	rep2	cell	100000	random	004	8.776	2.8910000000000005	216287462
bpcells	cellmajor	rep2	cell	100000	random	005	8.579	2.9040000000000004	216443608
bpcells	cellmajor	rep2	cell	100000	random	006	8.643999999999998	2.911	216210462
bpcells	cellmajor	rep2	cell	100000	random	007	8.39	2.903	215947518
bpcells	cellmajor	rep2	cell	100000	random	008	8.2	2.861	215794373
bpcells	cellmajor	rep2	cell	100000	random	009	8.783	2.93	216269727
bpcells	cellmajor	rep2	cell	100000	random	010	8.413	2.9180000000000006	216626273
bpcells	cellmajor	rep2	cell	100000	sequential	001	0.7789999999999998	0.7829999999999999	69555091
bpcells	cellmajor	rep2	cell	100000	sequential	002	0.887	0.9130000000000004	69303174
bpcells	cellmajor	rep2	cell	100000	sequential	003	0.8020000000000005	0.8399999999999999	79339640
bpcells	cellmajor	rep2	cell	100000	sequential	004	0.8389999999999997	0.8660000000000001	87635801
bpcells	cellmajor	rep2	cell	100000	sequential	005	0.8319999999999999	0.7450000000000001	150236057
bpcells	cellmajor	rep2	cell	100000	sequential	006	0.8299999999999998	0.8300000000000001	79282936
bpcells	cellmajor	rep2	cell	100000	sequential	007	0.9000000000000001	0.8489999999999998	153009228
bpcells	cellmajor	rep2	cell	100000	sequential	008	1.043	1.0589999999999995	180063262
bpcells	cellmajor	rep2	cell	100000	sequential	009	0.951	0.9420000000000002	155953359
bpcells	cellmajor	rep2	cell	100000	sequential	010	0.6859999999999999	0.6699999999999999	45904696
bpcells	cellmajor	rep2	cell	300000	random	001	23.466	7.393999999999999	648613446
bpcells	cellmajor	rep2	cell	300000	random	002	24.109	7.575999999999999	647499299
bpcells	cellmajor	rep2	cell	300000	random	003	23.784999999999997	7.444	648140443
bpcells	cellmajor	rep2	cell	300000	random	004	33.387	8.243	646613501
bpcells	cellmajor	rep2	cell	300000	random	005	24.532	7.529999999999999	649007219
bpcells	cellmajor	rep2	cell	300000	random	006	24.722	7.637	646936324
bpcells	cellmajor	rep2	cell	300000	random	007	24.899	7.331	645660552
bpcells	cellmajor	rep2	cell	300000	random	008	24.682	7.456	646845203
bpcells	cellmajor	rep2	cell	300000	random	009	25.373	7.347000000000001	648533014
bpcells	cellmajor	rep2	cell	300000	random	010	25.455	7.464	647874240
bpcells	cellmajor	rep2	cell	300000	sequential	001	2.1839999999999997	1.4009999999999998	540534732
bpcells	cellmajor	rep2	cell	300000	sequential	002	2.919	2.115	874381919
bpcells	cellmajor	rep2	cell	300000	sequential	003	2.787	1.6969999999999996	851915523
bpcells	cellmajor	rep2	cell	300000	sequential	004	4.83	2.2339999999999995	1652862106
bpcells	cellmajor	rep2	cell	300000	sequential	005	1.703	1.1909999999999998	360119687
bpcells	cellmajor	rep2	cell	300000	sequential	006	2.28	1.4240000000000004	598147731
bpcells	cellmajor	rep2	cell	300000	sequential	007	1.26	1.0869999999999995	175006627
bpcells	cellmajor	rep2	cell	300000	sequential	008	3.726	1.9250000000000005	1318660483
bpcells	cellmajor	rep2	cell	300000	sequential	009	2.0849999999999995	1.344	505857952
bpcells	cellmajor	rep2	cell	300000	sequential	010	2.303	1.3899999999999997	641938092
bpcells	cellmajor	rep2	gene	1	random	001	640.6200000000001	45.23	39475
bpcells	cellmajor	rep2	gene	1	random	002	640.4660000000001	45.253	10912
bpcells	cellmajor	rep2	gene	1	random	003	640.7570000000001	45.326	826
bpcells	cellmajor	rep2	gene	1	random	004	641.755	45.301	234451
bpcells	cellmajor	rep2	gene	1	random	005	640.537	45.224	5379870
bpcells	cellmajor	rep2	gene	1	random	006	641.133	45.186	29740
bpcells	cellmajor	rep2	gene	1	random	007	642.5740000000001	45.335	4572078
bpcells	cellmajor	rep2	gene	1	random	008	639.8149999999999	45.132	319
bpcells	cellmajor	rep2	gene	1	random	009	640.4920000000001	45.19	292790
bpcells	cellmajor	rep2	gene	1	random	010	639.383	45.077	88431
bpcells	cellmajor	rep2	gene	1	sequential	001	613.79	43.494	8405
bpcells	cellmajor	rep2	gene	1	sequential	002	621.952	43.959	469073
bpcells	cellmajor	rep2	gene	1	sequential	003	627.662	44.266	256
bpcells	cellmajor	rep2	gene	1	sequential	004	632.752	44.613	697
bpcells	cellmajor	rep2	gene	1	sequential	005	634.708	44.817	70651
bpcells	cellmajor	rep2	gene	1	sequential	006	635.117	44.753	3220
bpcells	cellmajor	rep2	gene	1	sequential	007	635.496	44.831	28
bpcells	cellmajor	rep2	gene	1	sequential	008	642.1930000000001	45.259	5889061
bpcells	cellmajor	rep2	gene	1	sequential	009	642.86	45.263000000000005	5824
bpcells	cellmajor	rep2	gene	1	sequential	010	642.338	45.445	18595333
bpcells	cellmajor	rep2	gene	10	random	001	644.373	45.438	42619032
bpcells	cellmajor	rep2	gene	10	random	002	642.1930000000001	45.285	345855
bpcells	cellmajor	rep2	gene	10	random	003	643.0899999999999	45.391	17853445
bpcells	cellmajor	rep2	gene	10	random	004	642.493	45.34	15245180
bpcells	cellmajor	rep2	gene	10	random	005	644.432	45.416	26254672
bpcells	cellmajor	rep2	gene	10	random	006	640.6279999999999	45.109	7445840
bpcells	cellmajor	rep2	gene	10	random	007	644.0340000000001	45.443	19325203
bpcells	cellmajor	rep2	gene	10	random	008	640.166	45.127	22966067
bpcells	cellmajor	rep2	gene	10	random	009	638.342	45.098000000000006	18540021
bpcells	cellmajor	rep2	gene	10	random	010	642.523	45.316	49497750
bpcells	cellmajor	rep2	gene	10	sequential	001	644.73	45.389	57003345
bpcells	cellmajor	rep2	gene	10	sequential	002	647.736	45.543	29367130
bpcells	cellmajor	rep2	gene	10	sequential	003	645.338	45.443	49935993
bpcells	cellmajor	rep2	gene	10	sequential	004	645.686	45.54	56752978
bpcells	cellmajor	rep2	gene	10	sequential	005	639.3969999999999	45.075	334788
bpcells	cellmajor	rep2	gene	10	sequential	006	644.46	45.545	9558244
bpcells	cellmajor	rep2	gene	10	sequential	007	638.694	45.126	162115
bpcells	cellmajor	rep2	gene	10	sequential	008	640.932	45.187	173102
bpcells	cellmajor	rep2	gene	10	sequential	009	643.405	45.326	2720
bpcells	cellmajor	rep2	gene	10	sequential	010	641.4570000000001	45.35	8966
bpcells	cellmajor	rep2	gene	100	random	001	638.5	45.103	188007877
bpcells	cellmajor	rep2	gene	100	random	002	639.281	45.197	183843925
bpcells	cellmajor	rep2	gene	100	random	003	641.755	45.268	200310196
bpcells	cellmajor	rep2	gene	100	random	004	641.626	45.189	144487462
bpcells	cellmajor	rep2	gene	100	random	005	643.175	45.535	103554818
bpcells	cellmajor	rep2	gene	100	random	006	645.1569999999999	45.619	102051912
bpcells	cellmajor	rep2	gene	100	random	007	642.21	45.385000000000005	115538142
bpcells	cellmajor	rep2	gene	100	random	008	647.1569999999999	45.614	136927646
bpcells	cellmajor	rep2	gene	100	random	009	651.422	45.807	150606224
bpcells	cellmajor	rep2	gene	100	random	010	652.4810000000001	46.08500000000001	157028252
bpcells	cellmajor	rep2	gene	100	sequential	001	634.7049999999999	44.71	1249782
bpcells	cellmajor	rep2	gene	100	sequential	002	638.591	45.029	4195319
bpcells	cellmajor	rep2	gene	100	sequential	003	641.4570000000001	45.431	64897940
bpcells	cellmajor	rep2	gene	100	sequential	004	639.1389999999999	45.025	6166514
bpcells	cellmajor	rep2	gene	100	sequential	005	641.6270000000001	45.353	249304590
bpcells	cellmajor	rep2	gene	100	sequential	006	636.1750000000001	44.918	3878545
bpcells	cellmajor	rep2	gene	100	sequential	007	638.135	45.089	2573526
bpcells	cellmajor	rep2	gene	100	sequential	008	636.524	44.886	3205980
bpcells	cellmajor	rep2	gene	100	sequential	009	640.4820000000001	45.1	619199008
bpcells	cellmajor	rep2	gene	100	sequential	010	635.279	44.764	21239213
bpcells	cellmajor	rep2	gene	300	random	001	650.483	45.901	485855708
bpcells	cellmajor	rep2	gene	300	random	002	649.351	45.643	491796881
bpcells	cellmajor	rep2	gene	300	random	003	649.274	45.697	465034565
bpcells	cellmajor	rep2	gene	300	random	004	649.475	45.809000000000005	443602972
bpcells	cellmajor	rep2	gene	300	random	005	649.5630000000001	45.648	515296945
bpcells	cellmajor	rep2	gene	300	random	006	648.255	45.678	482805339
bpcells	cellmajor	rep2	gene	300	random	007	652.351	46.025	499335858
bpcells	cellmajor	rep2	gene	300	random	008	648.751	45.84	445853223
bpcells	cellmajor	rep2	gene	300	random	009	647.4290000000001	45.56	420942939
bpcells	cellmajor	rep2	gene	300	random	010	649.0509999999999	45.657	520331555
bpcells	cellmajor	rep2	gene	300	sequential	001	648.1339999999999	45.747	1075241161
bpcells	cellmajor	rep2	gene	300	sequential	002	655.668	46.179	1532889651
bpcells	cellmajor	rep2	gene	300	sequential	003	644.308	45.488	11651242
bpcells	cellmajor	rep2	gene	300	sequential	004	646.2539999999999	45.478	17035386
bpcells	cellmajor	rep2	gene	300	sequential	005	644.995	45.385	3952546
bpcells	cellmajor	rep2	gene	300	sequential	006	646.347	45.646	96023905
bpcells	cellmajor	rep2	gene	300	sequential	007	645.1030000000001	45.536	74468997
bpcells	cellmajor	rep2	gene	300	sequential	008	645.454	45.558	17052807
bpcells	cellmajor	rep2	gene	300	sequential	009	649.738	45.922	961234672
bpcells	cellmajor	rep2	gene	300	sequential	010	643.382	45.319	17389424
bpcells	cellmajor	rep2	gene	60530	sequential	001	519.705	37.254	95645830752
bpcells	genemajor_norm	rep1	gene	60530	sequential	001	775.0369999999999	53.496	95645830752
bpcells	genemajor_norm	rep2	gene	60530	sequential	001	772.52	53.56	95645830752
bpcells	genemajor	rep1	cell	1	random	001	0.918	0.9210000000000004	1620
bpcells	genemajor	rep1	cell	1	random	002	0.8550000000000002	0.8610000000000002	1393
bpcells	genemajor	rep1	cell	1	random	003	1.157	1.161	5528
bpcells	genemajor	rep1	cell	1	random	004	0.877	0.8799999999999999	2600
bpcells	genemajor	rep1	cell	1	random	005	0.794	0.8000000000000003	2736
bpcells	genemajor	rep1	cell	1	random	006	0.7860000000000003	0.7930000000000001	637
bpcells	genemajor	rep1	cell	1	random	007	0.6019999999999999	0.6070000000000002	690
bpcells	genemajor	rep1	cell	1	random	008	0.7289999999999999	0.7309999999999999	1604
bpcells	genemajor	rep1	cell	1	random	009	0.8499999999999999	0.8519999999999999	1496
bpcells	genemajor	rep1	cell	1	random	010	1.204	1.213	936
bpcells	genemajor	rep1	cell	1	sequential	001	0.8870000000000005	0.903	1227
bpcells	genemajor	rep1	cell	1	sequential	002	0.8619999999999999	0.8660000000000001	244
bpcells	genemajor	rep1	cell	1	sequential	003	0.8949999999999999	0.8999999999999999	1779
bpcells	genemajor	rep1	cell	1	sequential	004	0.827	0.8319999999999999	2141
bpcells	genemajor	rep1	cell	1	sequential	005	0.9000000000000001	0.904	1842
bpcells	genemajor	rep1	cell	1	sequential	006	1.4460000000000002	1.4499999999999995	3686
bpcells	genemajor	rep1	cell	1	sequential	007	0.758	0.7599999999999998	986
bpcells	genemajor	rep1	cell	1	sequential	008	0.6439999999999999	0.6520000000000001	607
bpcells	genemajor	rep1	cell	1	sequential	009	0.7540000000000004	0.7570000000000001	2065
bpcells	genemajor	rep1	cell	1	sequential	010	0.9700000000000002	0.9739999999999998	902
bpcells	genemajor	rep1	cell	10	random	001	8.837	2.123	22019
bpcells	genemajor	rep1	cell	10	random	002	5.490000000000001	1.303	18663
bpcells	genemajor	rep1	cell	10	random	003	6.270999999999999	1.331	13522
bpcells	genemajor	rep1	cell	10	random	004	4.283	1.157	9603
bpcells	genemajor	rep1	cell	10	random	005	7.489	1.9140000000000008	27337
bpcells	genemajor	rep1	cell	10	random	006	6.5120000000000005	1.926	18738
bpcells	genemajor	rep1	cell	10	random	007	6.361000000000001	1.326	22797
bpcells	genemajor	rep1	cell	10	random	008	5.643	1.2320000000000002	17717
bpcells	genemajor	rep1	cell	10	random	009	6.603	1.8839999999999997	23868
bpcells	genemajor	rep1	cell	10	random	010	5.725	1.277	15870
bpcells	genemajor	rep1	cell	10	sequential	001	0.9419999999999996	0.9540000000000002	16899
bpcells	genemajor	rep1	cell	10	sequential	002	0.9100000000000004	0.9129999999999998	18994
bpcells	genemajor	rep1	cell	10	sequential	003	0.833	0.8370000000000002	11307
bpcells	genemajor	rep1	cell	10	sequential	004	0.7890000000000001	0.7970000000000002	17935
bpcells	genemajor	rep1	cell	10	sequential	005	0.643	0.6440000000000001	4431
bpcells	genemajor	rep1	cell	10	sequential	006	1.223	1.229	79381
bpcells	genemajor	rep1	cell	10	sequential	007	0.8819999999999998	0.883	24219
bpcells	genemajor	rep1	cell	10	sequential	008	0.728	0.7349999999999999	13630
bpcells	genemajor	rep1	cell	10	sequential	009	0.9880000000000002	0.992	86435
bpcells	genemajor	rep1	cell	10	sequential	010	1.5309999999999997	1.536	50471
bpcells	genemajor	rep1	cell	100	random	001	96.047	8.030000000000001	255263
bpcells	genemajor	rep1	cell	100	random	002	87.34599999999999	7.701	200844
bpcells	genemajor	rep1	cell	100	random	003	99.731	8.264	243925
bpcells	genemajor	rep1	cell	100	random	004	82.58500000000001	7.123999999999999	184709
bpcells	genemajor	rep1	cell	100	random	005	104.059	8.614999999999998	220583
bpcells	genemajor	rep1	cell	100	random	006	100.789	8.396	198689
bpcells	genemajor	rep1	cell	100	random	007	103.446	8.478000000000002	240527
bpcells	genemajor	rep1	cell	100	random	008	93.406	8.043	199362
bpcells	genemajor	rep1	cell	100	random	009	106.64	8.716000000000001	203356
bpcells	genemajor	rep1	cell	100	random	010	100.217	8.342	188593
bpcells	genemajor	rep1	cell	100	sequential	001	0.6470000000000001	0.6640000000000001	80890
bpcells	genemajor	rep1	cell	100	sequential	002	0.7549999999999999	0.7690000000000001	133123
bpcells	genemajor	rep1	cell	100	sequential	003	0.7889999999999998	0.8039999999999998	176468
bpcells	genemajor	rep1	cell	100	sequential	004	0.8170000000000002	0.8159999999999998	177045
bpcells	genemajor	rep1	cell	100	sequential	005	0.8220000000000002	0.827	176565
bpcells	genemajor	rep1	cell	100	sequential	006	0.8540000000000001	0.859	244061
bpcells	genemajor	rep1	cell	100	sequential	007	0.669	0.6700000000000004	241329
bpcells	genemajor	rep1	cell	100	sequential	008	1.0900000000000003	1.0950000000000002	283769
bpcells	genemajor	rep1	cell	100	sequential	009	0.8519999999999999	0.8599999999999999	306538
bpcells	genemajor	rep1	cell	100	sequential	010	0.8559999999999998	0.8689999999999998	332485
bpcells	genemajor	rep1	cell	1000	random	001	464.322	33.092	2103783
bpcells	genemajor	rep1	cell	1000	random	002	501.429	35.656000000000006	2189598
bpcells	genemajor	rep1	cell	1000	random	003	492.361	34.869	2075667
bpcells	genemajor	rep1	cell	1000	random	004	509.884	36.023	2086627
bpcells	genemajor	rep1	cell	1000	random	005	511.355	36.448	2121041
bpcells	genemajor	rep1	cell	1000	random	006	528.028	37.533	2238575
bpcells	genemajor	rep1	cell	1000	random	007	522.965	37.152	2117167
bpcells	genemajor	rep1	cell	1000	random	008	526.634	37.467	2178672
bpcells	genemajor	rep1	cell	1000	random	009	516.014	36.808	2084946
bpcells	genemajor	rep1	cell	1000	random	010	509.12200000000007	36.159	2186198
bpcells	genemajor	rep1	cell	1000	sequential	001	0.9210000000000002	0.9330000000000004	2656310
bpcells	genemajor	rep1	cell	1000	sequential	002	0.7889999999999997	0.798	1988884
bpcells	genemajor	rep1	cell	1000	sequential	003	0.7290000000000001	0.7330000000000001	1193776
bpcells	genemajor	rep1	cell	1000	sequential	004	0.7850000000000001	0.7889999999999997	1716237
bpcells	genemajor	rep1	cell	1000	sequential	005	1.6550000000000002	1.6629999999999998	5606085
bpcells	genemajor	rep1	cell	1000	sequential	006	0.7979999999999998	0.8030000000000004	1805526
bpcells	genemajor	rep1	cell	1000	sequential	007	0.9560000000000004	0.96	2508580
bpcells	genemajor	rep1	cell	1000	sequential	008	0.537	0.5419999999999998	431993
bpcells	genemajor	rep1	cell	1000	sequential	009	0.872	0.8760000000000003	1283280
bpcells	genemajor	rep1	cell	1000	sequential	010	1.552	1.6010000000000004	6995556
bpcells	genemajor	rep1	cell	10000	random	001	548.421	38.899	21523985
bpcells	genemajor	rep1	cell	10000	random	002	564.096	39.598	21582484
bpcells	genemajor	rep1	cell	10000	random	003	568.062	39.99	21710922
bpcells	genemajor	rep1	cell	10000	random	004	571.076	40.458000000000006	21557091
bpcells	genemajor	rep1	cell	10000	random	005	576.842	40.696	21456885
bpcells	genemajor	rep1	cell	10000	random	006	572.4680000000001	40.375	21527438
bpcells	genemajor	rep1	cell	10000	random	007	572.166	40.524	21585808
bpcells	genemajor	rep1	cell	10000	random	008	571.924	40.57	21646585
bpcells	genemajor	rep1	cell	10000	random	009	572.192	40.521	21516026
bpcells	genemajor	rep1	cell	10000	random	010	577.807	40.789	21445864
bpcells	genemajor	rep1	cell	10000	sequential	001	0.9980000000000002	1.0090000000000003	9037105
bpcells	genemajor	rep1	cell	10000	sequential	002	0.906	0.911	16739383
bpcells	genemajor	rep1	cell	10000	sequential	003	0.977	0.98	21827533
bpcells	genemajor	rep1	cell	10000	sequential	004	1.2690000000000003	1.274	47175808
bpcells	genemajor	rep1	cell	10000	sequential	005	1.161	1.162	46893304
bpcells	genemajor	rep1	cell	10000	sequential	006	0.9130000000000004	0.9170000000000004	25368693
bpcells	genemajor	rep1	cell	10000	sequential	007	1.356	0.9409999999999998	21274710
bpcells	genemajor	rep1	cell	10000	sequential	008	0.8889999999999998	0.8929999999999998	17489161
bpcells	genemajor	rep1	cell	10000	sequential	009	0.9289999999999998	0.9340000000000002	27381151
bpcells	genemajor	rep1	cell	10000	sequential	010	0.6869999999999997	0.6920000000000002	9970175
bpcells	genemajor	rep1	cell	100000	random	001	540.979	38.242	216301828
bpcells	genemajor	rep1	cell	100000	random	002	565.511	40.001000000000005	215870467
bpcells	genemajor	rep1	cell	100000	random	003	570.772	40.437	216523214
bpcells	genemajor	rep1	cell	100000	random	004	576.178	40.666	216287462
bpcells	genemajor	rep1	cell	100000	random	005	577.815	40.772000000000006	216443608
bpcells	genemajor	rep1	cell	100000	random	006	583.293	41.133	216210462
bpcells	genemajor	rep1	cell	100000	random	007	582.129	41.222	215947518
bpcells	genemajor	rep1	cell	100000	random	008	586.461	41.273	215794373
bpcells	genemajor	rep1	cell	100000	random	009	584.895	41.446	216269727
bpcells	genemajor	rep1	cell	100000	random	010	590.079	42.024	216626273
bpcells	genemajor	rep1	cell	100000	sequential	001	1.243	1.035	69555091
bpcells	genemajor	rep1	cell	100000	sequential	002	1.259	1.0779999999999998	69303174
bpcells	genemajor	rep1	cell	100000	sequential	003	1.2800000000000002	1.0860000000000003	79339640
bpcells	genemajor	rep1	cell	100000	sequential	004	1.217	1.027	87635801
bpcells	genemajor	rep1	cell	100000	sequential	005	1.5379999999999998	1.118	150236057
bpcells	genemajor	rep1	cell	100000	sequential	006	1.22	1.048	79282936
bpcells	genemajor	rep1	cell	100000	sequential	007	1.673	1.25	153009228
bpcells	genemajor	rep1	cell	100000	sequential	008	1.7380000000000004	1.3330000000000002	180063262
bpcells	genemajor	rep1	cell	100000	sequential	009	1.537	1.206	155953359
bpcells	genemajor	rep1	cell	100000	sequential	010	0.9260000000000002	0.8010000000000002	45904696
bpcells	genemajor	rep1	cell	300000	random	001	543.578	38.745000000000005	648613446
bpcells	genemajor	rep1	cell	300000	random	002	573.1809999999999	40.845	647499299
bpcells	genemajor	rep1	cell	300000	random	003	576.806	40.84	648140443
bpcells	genemajor	rep1	cell	300000	random	004	575.245	40.805	646613501
bpcells	genemajor	rep1	cell	300000	random	005	579.072	41.146	649007219
bpcells	genemajor	rep1	cell	300000	random	006	581.654	41.464	646936324
bpcells	genemajor	rep1	cell	300000	random	007	577.276	41.211	645660552
bpcells	genemajor	rep1	cell	300000	random	008	583.817	41.224	646845203
bpcells	genemajor	rep1	cell	300000	random	009	578.175	41.196	648533014
bpcells	genemajor	rep1	cell	300000	random	010	579.596	41.396	647874240
bpcells	genemajor	rep1	cell	300000	sequential	001	2.9600000000000004	1.6449999999999996	540534732
bpcells	genemajor	rep1	cell	300000	sequential	002	4.009	2.124	874381919
bpcells	genemajor	rep1	cell	300000	sequential	003	4.3340000000000005	2.305	851915523
bpcells	genemajor	rep1	cell	300000	sequential	004	6.1819999999999995	2.5550000000000006	1652862106
bpcells	genemajor	rep1	cell	300000	sequential	005	2.237	1.3040000000000005	360119687
bpcells	genemajor	rep1	cell	300000	sequential	006	3.2560000000000007	1.6960000000000002	598147731
bpcells	genemajor	rep1	cell	300000	sequential	007	1.6019999999999996	1.205	175006627
bpcells	genemajor	rep1	cell	300000	sequential	008	5.382	2.556	1318660483
bpcells	genemajor	rep1	cell	300000	sequential	009	2.9429999999999996	1.5810000000000004	505857952
bpcells	genemajor	rep1	cell	300000	sequential	010	3.2050000000000005	1.6789999999999998	641938092
bpcells	genemajor	rep1	gene	1	random	001	0.4910000000000005	0.4590000000000001	39475
bpcells	genemajor	rep1	gene	1	random	002	0.5070000000000001	0.504	10912
bpcells	genemajor	rep1	gene	1	random	003	0.476	0.4710000000000001	826
bpcells	genemajor	rep1	gene	1	random	004	0.4850000000000001	0.46	234451
bpcells	genemajor	rep1	gene	1	random	005	0.5289999999999999	0.4930000000000003	5379870
bpcells	genemajor	rep1	gene	1	random	006	0.4580000000000004	0.4429999999999996	29740
bpcells	genemajor	rep1	gene	1	random	007	0.4969999999999999	0.45699999999999985	4572078
bpcells	genemajor	rep1	gene	1	random	008	0.5049999999999997	0.47799999999999976	319
bpcells	genemajor	rep1	gene	1	random	009	0.48899999999999993	0.46	292790
bpcells	genemajor	rep1	gene	1	random	010	0.5109999999999999	0.48	88431
bpcells	genemajor	rep1	gene	1	sequential	001	0.552	0.6930000000000001	8405
bpcells	genemajor	rep1	gene	1	sequential	002	0.5919999999999999	0.5569999999999999	469073
bpcells	genemajor	rep1	gene	1	sequential	003	0.5680000000000003	0.5499999999999998	256
bpcells	genemajor	rep1	gene	1	sequential	004	0.5249999999999999	0.5020000000000002	697
bpcells	genemajor	rep1	gene	1	sequential	005	0.5550000000000002	0.5330000000000004	70651
bpcells	genemajor	rep1	gene	1	sequential	006	0.5539999999999996	0.5150000000000001	3220
bpcells	genemajor	rep1	gene	1	sequential	007	0.4799999999999998	0.452	28
bpcells	genemajor	rep1	gene	1	sequential	008	0.5350000000000001	0.492	5889061
bpcells	genemajor	rep1	gene	1	sequential	009	0.5070000000000002	0.4820000000000002	5824
bpcells	genemajor	rep1	gene	1	sequential	010	0.6140000000000001	0.5220000000000002	18595333
bpcells	genemajor	rep1	gene	10	random	001	0.897	0.589	42619032
bpcells	genemajor	rep1	gene	10	random	002	0.7510000000000002	0.5219999999999998	345855
bpcells	genemajor	rep1	gene	10	random	003	0.8800000000000003	0.5750000000000002	17853445
bpcells	genemajor	rep1	gene	10	random	004	0.8900000000000001	0.5939999999999999	15245180
bpcells	genemajor	rep1	gene	10	random	005	0.9610000000000004	0.6070000000000002	26254672
bpcells	genemajor	rep1	gene	10	random	006	0.9739999999999998	0.6150000000000002	7445840
bpcells	genemajor	rep1	gene	10	random	007	0.7650000000000002	0.5169999999999999	19325203
bpcells	genemajor	rep1	gene	10	random	008	0.91	0.5860000000000003	22966067
bpcells	genemajor	rep1	gene	10	random	009	0.91	0.6030000000000002	18540021
bpcells	genemajor	rep1	gene	10	random	010	0.981	0.5899999999999999	49497750
bpcells	genemajor	rep1	gene	10	sequential	001	0.72	0.5370000000000004	57003345
bpcells	genemajor	rep1	gene	10	sequential	002	0.6450000000000002	0.5129999999999999	29367130
bpcells	genemajor	rep1	gene	10	sequential	003	0.7370000000000001	0.5369999999999999	49935993
bpcells	genemajor	rep1	gene	10	sequential	004	0.7010000000000003	0.516	56752978
bpcells	genemajor	rep1	gene	10	sequential	005	0.5239999999999998	0.4900000000000002	334788
bpcells	genemajor	rep1	gene	10	sequential	006	0.566	0.5070000000000001	9558244
bpcells	genemajor	rep1	gene	10	sequential	007	0.5299999999999999	0.4860000000000002	162115
bpcells	genemajor	rep1	gene	10	sequential	008	0.49600000000000033	0.4690000000000003	173102
bpcells	genemajor	rep1	gene	10	sequential	009	0.5389999999999999	0.488	2720
bpcells	genemajor	rep1	gene	10	sequential	010	0.4850000000000002	0.4580000000000002	8966
bpcells	genemajor	rep1	gene	100	random	001	3.733	1.3050000000000002	188007877
bpcells	genemajor	rep1	gene	100	random	002	3.706	1.2710000000000004	183843925
bpcells	genemajor	rep1	gene	100	random	003	3.66	1.2729999999999997	200310196
bpcells	genemajor	rep1	gene	100	random	004	3.2860000000000005	1.085	144487462
bpcells	genemajor	rep1	gene	100	random	005	3.0630000000000006	0.973	103554818
bpcells	genemajor	rep1	gene	100	random	006	2.854	0.879	102051912
bpcells	genemajor	rep1	gene	100	random	007	3.117	1.0149999999999997	115538142
bpcells	genemajor	rep1	gene	100	random	008	3.243	1.0590000000000002	136927646
bpcells	genemajor	rep1	gene	100	random	009	3.42	1.08	150606224
bpcells	genemajor	rep1	gene	100	random	010	3.482	1.101	157028252
bpcells	genemajor	rep1	gene	100	sequential	001	0.5410000000000001	0.48999999999999977	1249782
bpcells	genemajor	rep1	gene	100	sequential	002	0.55	0.4700000000000002	4195319
bpcells	genemajor	rep1	gene	100	sequential	003	0.7530000000000001	0.47799999999999976	64897940
bpcells	genemajor	rep1	gene	100	sequential	004	0.5289999999999999	0.4650000000000003	6166514
bpcells	genemajor	rep1	gene	100	sequential	005	1.2900000000000005	0.5630000000000002	249304590
bpcells	genemajor	rep1	gene	100	sequential	006	0.5590000000000002	0.48199999999999976	3878545
bpcells	genemajor	rep1	gene	100	sequential	007	0.5339999999999998	0.484	2573526
bpcells	genemajor	rep1	gene	100	sequential	008	0.5290000000000001	0.46899999999999986	3205980
bpcells	genemajor	rep1	gene	100	sequential	009	2.4680000000000004	0.6499999999999999	619199008
bpcells	genemajor	rep1	gene	100	sequential	010	0.5259999999999998	0.4700000000000002	21239213
bpcells	genemajor	rep1	gene	300	random	001	8.91	2.455	485855708
bpcells	genemajor	rep1	gene	300	random	002	8.534	2.1809999999999996	491796881
bpcells	genemajor	rep1	gene	300	random	003	8.533999999999999	1.9640000000000004	465034565
bpcells	genemajor	rep1	gene	300	random	004	8.422	2.0980000000000003	443602972
bpcells	genemajor	rep1	gene	300	random	005	8.459	1.9879999999999995	515296945
bpcells	genemajor	rep1	gene	300	random	006	8.146999999999998	1.982	482805339
bpcells	genemajor	rep1	gene	300	random	007	8.203	2.0319999999999996	499335858
bpcells	genemajor	rep1	gene	300	random	008	7.896	2.0329999999999995	445853223
bpcells	genemajor	rep1	gene	300	random	009	8.179	1.9589999999999996	420942939
bpcells	genemajor	rep1	gene	300	random	010	8.471	2.0170000000000003	520331555
bpcells	genemajor	rep1	gene	300	sequential	001	4.481000000000001	0.7949999999999999	1075241161
bpcells	genemajor	rep1	gene	300	sequential	002	6.238	0.8999999999999999	1532889651
bpcells	genemajor	rep1	gene	300	sequential	003	0.5299999999999998	0.44499999999999984	11651242
bpcells	genemajor	rep1	gene	300	sequential	004	0.55	0.44300000000000006	17035386
bpcells	genemajor	rep1	gene	300	sequential	005	0.5340000000000001	0.4590000000000001	3952546
bpcells	genemajor	rep1	gene	300	sequential	006	0.815	0.4950000000000001	96023905
bpcells	genemajor	rep1	gene	300	sequential	007	0.6900000000000002	0.464	74468997
bpcells	genemajor	rep1	gene	300	sequential	008	0.5240000000000002	0.4500000000000002	17052807
bpcells	genemajor	rep1	gene	300	sequential	009	4.0200000000000005	0.7330000000000001	961234672
bpcells	genemajor	rep1	gene	300	sequential	010	0.5290000000000001	0.43699999999999983	17389424
bpcells	genemajor	rep1	gene	60530	sequential	001	414.066	28.926	95645830752
bpcells	genemajor	rep2	cell	1	random	001	0.9420000000000002	0.96	1620
bpcells	genemajor	rep2	cell	1	random	002	0.8449999999999999	0.859	1393
bpcells	genemajor	rep2	cell	1	random	003	1.194	1.2119999999999995	5528
bpcells	genemajor	rep2	cell	1	random	004	0.8489999999999998	0.8649999999999998	2600
bpcells	genemajor	rep2	cell	1	random	005	0.7830000000000003	0.8010000000000002	2736
bpcells	genemajor	rep2	cell	1	random	006	0.77	0.7829999999999999	637
bpcells	genemajor	rep2	cell	1	random	007	0.634	0.6399999999999997	690
bpcells	genemajor	rep2	cell	1	random	008	0.66	0.6719999999999997	1604
bpcells	genemajor	rep2	cell	1	random	009	0.8	0.8140000000000001	1496
bpcells	genemajor	rep2	cell	1	random	010	1.2179999999999995	1.2439999999999998	936
bpcells	genemajor	rep2	cell	1	sequential	001	0.8430000000000001	0.8649999999999998	1227
bpcells	genemajor	rep2	cell	1	sequential	002	0.902	0.916	244
bpcells	genemajor	rep2	cell	1	sequential	003	0.8840000000000001	0.902	1779
bpcells	genemajor	rep2	cell	1	sequential	004	0.7210000000000001	0.7210000000000001	2141
bpcells	genemajor	rep2	cell	1	sequential	005	0.8600000000000001	0.8729999999999998	1842
bpcells	genemajor	rep2	cell	1	sequential	006	1.4260000000000002	1.4420000000000002	3686
bpcells	genemajor	rep2	cell	1	sequential	007	0.7039999999999998	0.714	986
bpcells	genemajor	rep2	cell	1	sequential	008	0.6879999999999996	0.698	607
bpcells	genemajor	rep2	cell	1	sequential	009	0.6759999999999999	0.685	2065
bpcells	genemajor	rep2	cell	1	sequential	010	0.8580000000000002	0.8580000000000001	902
bpcells	genemajor	rep2	cell	10	random	001	8.401	1.945	22019
bpcells	genemajor	rep2	cell	10	random	002	5.322	1.2080000000000002	18663
bpcells	genemajor	rep2	cell	10	random	003	6.252000000000001	1.285	13522
bpcells	genemajor	rep2	cell	10	random	004	4.142	1.1030000000000002	9603
bpcells	genemajor	rep2	cell	10	random	005	7.241	1.6909999999999998	27337
bpcells	genemajor	rep2	cell	10	random	006	6.0440000000000005	1.8509999999999995	18738
bpcells	genemajor	rep2	cell	10	random	007	6.361	1.2839999999999998	22797
bpcells	genemajor	rep2	cell	10	random	008	5.409	1.1639999999999997	17717
bpcells	genemajor	rep2	cell	10	random	009	6.461	1.6950000000000005	23868
bpcells	genemajor	rep2	cell	10	random	010	5.713	1.239	15870
bpcells	genemajor	rep2	cell	10	sequential	001	0.922	0.9440000000000004	16899
bpcells	genemajor	rep2	cell	10	sequential	002	0.8680000000000003	0.8849999999999998	18994
bpcells	genemajor	rep2	cell	10	sequential	003	0.815	0.8279999999999998	11307
bpcells	genemajor	rep2	cell	10	sequential	004	0.7069999999999999	0.718	17935
bpcells	genemajor	rep2	cell	10	sequential	005	0.6060000000000002	0.6139999999999999	4431
bpcells	genemajor	rep2	cell	10	sequential	006	1.273	1.31	79381
bpcells	genemajor	rep2	cell	10	sequential	007	0.8489999999999998	0.8499999999999996	24219
bpcells	genemajor	rep2	cell	10	sequential	008	0.7789999999999999	0.7909999999999999	13630
bpcells	genemajor	rep2	cell	10	sequential	009	0.9810000000000004	1	86435
bpcells	genemajor	rep2	cell	10	sequential	010	1.4889999999999997	1.5180000000000002	50471
bpcells	genemajor	rep2	cell	100	random	001	91.985	7.723	255263
bpcells	genemajor	rep2	cell	100	random	002	84.45500000000001	7.223000000000001	200844
bpcells	genemajor	rep2	cell	100	random	003	97.748	8.014	243925
bpcells	genemajor	rep2	cell	100	random	004	81.796	7.153	184709
bpcells	genemajor	rep2	cell	100	random	005	102.269	8.25	220583
bpcells	genemajor	rep2	cell	100	random	006	97.847	7.965999999999999	198689
bpcells	genemajor	rep2	cell	100	random	007	103.425	8.256	240527
bpcells	genemajor	rep2	cell	100	random	008	91.777	7.628000000000001	199362
bpcells	genemajor	rep2	cell	100	random	009	105.362	8.551	203356
bpcells	genemajor	rep2	cell	100	random	010	98.014	8.084000000000001	188593
bpcells	genemajor	rep2	cell	100	sequential	001	0.6250000000000002	0.6419999999999999	80890
bpcells	genemajor	rep2	cell	100	sequential	002	0.7109999999999999	0.7229999999999999	133123
bpcells	genemajor	rep2	cell	100	sequential	003	0.8229999999999997	0.8410000000000002	176468
bpcells	genemajor	rep2	cell	100	sequential	004	0.7700000000000001	0.77	177045
bpcells	genemajor	rep2	cell	100	sequential	005	0.7760000000000002	0.7889999999999997	176565
bpcells	genemajor	rep2	cell	100	sequential	006	0.8469999999999999	0.8620000000000001	244061
bpcells	genemajor	rep2	cell	100	sequential	007	0.6179999999999999	0.617	241329
bpcells	genemajor	rep2	cell	100	sequential	008	1.1160000000000003	1.137	283769
bpcells	genemajor	rep2	cell	100	sequential	009	0.8949999999999997	0.9099999999999996	306538
bpcells	genemajor	rep2	cell	100	sequential	010	0.8839999999999997	0.899	332485
bpcells	genemajor	rep2	cell	1000	random	001	450.427	31.609	2103783
bpcells	genemajor	rep2	cell	1000	random	002	490.6869999999999	34.369	2189598
bpcells	genemajor	rep2	cell	1000	random	003	480.62	33.611999999999995	2075667
bpcells	genemajor	rep2	cell	1000	random	004	498.1089999999999	34.863	2086627
bpcells	genemajor	rep2	cell	1000	random	005	505.739	35.287	2121041
bpcells	genemajor	rep2	cell	1000	random	006	513.946	35.886	2238575
bpcells	genemajor	rep2	cell	1000	random	007	510.395	35.465	2117167
bpcells	genemajor	rep2	cell	1000	random	008	518.559	36.169	2178672
bpcells	genemajor	rep2	cell	1000	random	009	506.65	35.243	2084946
bpcells	genemajor	rep2	cell	1000	random	010	498.115	34.825	2186198
bpcells	genemajor	rep2	cell	1000	sequential	001	0.982	1.009	2656310
bpcells	genemajor	rep2	cell	1000	sequential	002	0.7669999999999995	0.7799999999999998	1988884
bpcells	genemajor	rep2	cell	1000	sequential	003	0.7829999999999999	0.7950000000000004	1193776
bpcells	genemajor	rep2	cell	1000	sequential	004	0.8100000000000003	0.8219999999999996	1716237
bpcells	genemajor	rep2	cell	1000	sequential	005	1.4350000000000005	1.455	5606085
bpcells	genemajor	rep2	cell	1000	sequential	006	0.8930000000000002	0.911	1805526
bpcells	genemajor	rep2	cell	1000	sequential	007	0.8760000000000001	0.8919999999999999	2508580
bpcells	genemajor	rep2	cell	1000	sequential	008	0.5580000000000004	0.5579999999999998	431993
bpcells	genemajor	rep2	cell	1000	sequential	009	0.8100000000000003	0.8280000000000003	1283280
bpcells	genemajor	rep2	cell	1000	sequential	010	1.4930000000000003	1.536	6995556
bpcells	genemajor	rep2	cell	10000	random	001	525.715	36.507	21523985
bpcells	genemajor	rep2	cell	10000	random	002	555.907	38.655	21582484
bpcells	genemajor	rep2	cell	10000	random	003	563.053	39.065000000000005	21710922
bpcells	genemajor	rep2	cell	10000	random	004	563.99	38.991	21557091
bpcells	genemajor	rep2	cell	10000	random	005	564.826	39.143	21456885
bpcells	genemajor	rep2	cell	10000	random	006	566.311	39.313	21527438
bpcells	genemajor	rep2	cell	10000	random	007	565.726	39.109	21585808
bpcells	genemajor	rep2	cell	10000	random	008	566.673	39.27	21646585
bpcells	genemajor	rep2	cell	10000	random	009	568.994	39.353	21516026
bpcells	genemajor	rep2	cell	10000	random	010	569.206	39.592	21445864
bpcells	genemajor	rep2	cell	10000	sequential	001	1.0100000000000002	1.032	9037105
bpcells	genemajor	rep2	cell	10000	sequential	002	0.9430000000000004	0.959	16739383
bpcells	genemajor	rep2	cell	10000	sequential	003	0.9440000000000002	0.955	21827533
bpcells	genemajor	rep2	cell	10000	sequential	004	1.2649999999999997	1.278	47175808
bpcells	genemajor	rep2	cell	10000	sequential	005	1.2300000000000004	1.23	46893304
bpcells	genemajor	rep2	cell	10000	sequential	006	0.9289999999999998	0.943	25368693
bpcells	genemajor	rep2	cell	10000	sequential	007	1.419	1.004	21274710
bpcells	genemajor	rep2	cell	10000	sequential	008	0.8330000000000004	0.8450000000000002	17489161
bpcells	genemajor	rep2	cell	10000	sequential	009	0.957	0.9730000000000004	27381151
bpcells	genemajor	rep2	cell	10000	sequential	010	0.6729999999999998	0.681	9970175
bpcells	genemajor	rep2	cell	100000	random	001	531.153	37.05	216301828
bpcells	genemajor	rep2	cell	100000	random	002	558.026	38.870000000000005	215870467
bpcells	genemajor	rep2	cell	100000	random	003	563.087	39.346	216523214
bpcells	genemajor	rep2	cell	100000	random	004	568.615	39.691	216287462
bpcells	genemajor	rep2	cell	100000	random	005	570.534	39.736	216443608
bpcells	genemajor	rep2	cell	100000	random	006	574.535	39.864	216210462
bpcells	genemajor	rep2	cell	100000	random	007	574.2379999999999	39.761	215947518
bpcells	genemajor	rep2	cell	100000	random	008	581.814	40.433	215794373
bpcells	genemajor	rep2	cell	100000	random	009	583.902	40.659	216269727
bpcells	genemajor	rep2	cell	100000	random	010	583.396	40.513	216626273
bpcells	genemajor	rep2	cell	100000	sequential	001	1.219	1.015	69555091
bpcells	genemajor	rep2	cell	100000	sequential	002	1.1100000000000003	0.976	69303174
bpcells	genemajor	rep2	cell	100000	sequential	003	1.251	1.084	79339640
bpcells	genemajor	rep2	cell	100000	sequential	004	1.2159999999999995	1.039	87635801
bpcells	genemajor	rep2	cell	100000	sequential	005	1.5830000000000002	1.168	150236057
bpcells	genemajor	rep2	cell	100000	sequential	006	1.239	1.057	79282936
bpcells	genemajor	rep2	cell	100000	sequential	007	1.6599999999999997	1.226	153009228
bpcells	genemajor	rep2	cell	100000	sequential	008	1.761	1.3750000000000004	180063262
bpcells	genemajor	rep2	cell	100000	sequential	009	1.5420000000000005	1.2240000000000002	155953359
bpcells	genemajor	rep2	cell	100000	sequential	010	0.9219999999999998	0.8050000000000002	45904696
bpcells	genemajor	rep2	cell	300000	random	001	539.4119999999999	37.718	648613446
bpcells	genemajor	rep2	cell	300000	random	002	569.1669999999999	40.126	647499299
bpcells	genemajor	rep2	cell	300000	random	003	578.3209999999999	40.602	648140443
bpcells	genemajor	rep2	cell	300000	random	004	588.404	41.174	646613501
bpcells	genemajor	rep2	cell	300000	random	005	585.722	41.373	649007219
bpcells	genemajor	rep2	cell	300000	random	006	582.56	40.879999999999995	646936324
bpcells	genemajor	rep2	cell	300000	random	007	584.134	40.959	645660552
bpcells	genemajor	rep2	cell	300000	random	008	585.096	41.065000000000005	646845203
bpcells	genemajor	rep2	cell	300000	random	009	583.892	41.078	648533014
bpcells	genemajor	rep2	cell	300000	random	010	586.836	40.986	647874240
bpcells	genemajor	rep2	cell	300000	sequential	001	2.9999999999999996	1.6889999999999996	540534732
bpcells	genemajor	rep2	cell	300000	sequential	002	4.013999999999999	2.1960000000000006	874381919
bpcells	genemajor	rep2	cell	300000	sequential	003	4.474	2.361	851915523
bpcells	genemajor	rep2	cell	300000	sequential	004	6.251	2.5410000000000004	1652862106
bpcells	genemajor	rep2	cell	300000	sequential	005	2.289	1.354	360119687
bpcells	genemajor	rep2	cell	300000	sequential	006	3.165	1.644	598147731
bpcells	genemajor	rep2	cell	300000	sequential	007	1.4970000000000003	1.136	175006627
bpcells	genemajor	rep2	cell	300000	sequential	008	4.5089999999999995	2.1679999999999997	1318660483
bpcells	genemajor	rep2	cell	300000	sequential	009	2.8470000000000004	1.5549999999999995	505857952
bpcells	genemajor	rep2	cell	300000	sequential	010	2.92	1.5940000000000003	641938092
bpcells	genemajor	rep2	gene	1	random	001	0.5770000000000002	0.52	39475
bpcells	genemajor	rep2	gene	1	random	002	0.525	0.5020000000000002	10912
bpcells	genemajor	rep2	gene	1	random	003	0.502	0.4979999999999998	826
bpcells	genemajor	rep2	gene	1	random	004	0.5460000000000003	0.5129999999999999	234451
bpcells	genemajor	rep2	gene	1	random	005	0.5570000000000003	0.5009999999999999	5379870
bpcells	genemajor	rep2	gene	1	random	006	0.5310000000000001	0.496	29740
bpcells	genemajor	rep2	gene	1	random	007	0.5269999999999999	0.47399999999999975	4572078
bpcells	genemajor	rep2	gene	1	random	008	0.5269999999999999	0.48	319
bpcells	genemajor	rep2	gene	1	random	009	0.5230000000000001	0.4370000000000003	292790
bpcells	genemajor	rep2	gene	1	random	010	0.526	0.4630000000000001	88431
bpcells	genemajor	rep2	gene	1	sequential	001	0.6380000000000005	0.5699999999999998	8405
bpcells	genemajor	rep2	gene	1	sequential	002	0.5679999999999997	0.4750000000000001	469073
bpcells	genemajor	rep2	gene	1	sequential	003	0.5859999999999999	0.5270000000000001	256
bpcells	genemajor	rep2	gene	1	sequential	004	0.5949999999999998	0.5329999999999999	697
bpcells	genemajor	rep2	gene	1	sequential	005	0.6099999999999999	0.528	70651
bpcells	genemajor	rep2	gene	1	sequential	006	0.528	0.4560000000000004	3220
bpcells	genemajor	rep2	gene	1	sequential	007	0.6010000000000002	0.5229999999999997	28
bpcells	genemajor	rep2	gene	1	sequential	008	0.593	0.5450000000000004	5889061
bpcells	genemajor	rep2	gene	1	sequential	009	0.5489999999999999	0.4790000000000001	5824
bpcells	genemajor	rep2	gene	1	sequential	010	0.5799999999999996	0.5049999999999999	18595333
bpcells	genemajor	rep2	gene	10	random	001	0.831	0.5150000000000001	42619032
bpcells	genemajor	rep2	gene	10	random	002	0.716	0.496	345855
bpcells	genemajor	rep2	gene	10	random	003	0.9190000000000004	0.5340000000000003	17853445
bpcells	genemajor	rep2	gene	10	random	004	0.8139999999999998	0.5260000000000002	15245180
bpcells	genemajor	rep2	gene	10	random	005	0.898	0.5269999999999997	26254672
bpcells	genemajor	rep2	gene	10	random	006	0.805	0.5029999999999997	7445840
bpcells	genemajor	rep2	gene	10	random	007	0.7560000000000002	0.5179999999999998	19325203
bpcells	genemajor	rep2	gene	10	random	008	0.7790000000000004	0.4900000000000002	22966067
bpcells	genemajor	rep2	gene	10	random	009	0.9629999999999996	0.5570000000000004	18540021
bpcells	genemajor	rep2	gene	10	random	010	0.975	0.5190000000000001	49497750
bpcells	genemajor	rep2	gene	10	sequential	001	0.6499999999999999	0.4750000000000001	57003345
bpcells	genemajor	rep2	gene	10	sequential	002	0.5890000000000001	0.4889999999999999	29367130
bpcells	genemajor	rep2	gene	10	sequential	003	0.6350000000000002	0.472	49935993
bpcells	genemajor	rep2	gene	10	sequential	004	0.7000000000000002	0.5099999999999998	56752978
bpcells	genemajor	rep2	gene	10	sequential	005	0.5410000000000001	0.48	334788
bpcells	genemajor	rep2	gene	10	sequential	006	0.522	0.43999999999999995	9558244
bpcells	genemajor	rep2	gene	10	sequential	007	0.5460000000000003	0.472	162115
bpcells	genemajor	rep2	gene	10	sequential	008	0.5619999999999998	0.4860000000000002	173102
bpcells	genemajor	rep2	gene	10	sequential	009	0.5380000000000003	0.4610000000000003	2720
bpcells	genemajor	rep2	gene	10	sequential	010	0.5210000000000004	0.4690000000000003	8966
bpcells	genemajor	rep2	gene	100	random	001	3.4909999999999997	1.009	188007877
bpcells	genemajor	rep2	gene	100	random	002	3.2829999999999995	1.0250000000000004	183843925
bpcells	genemajor	rep2	gene	100	random	003	3.598	1.052	200310196
bpcells	genemajor	rep2	gene	100	random	004	3.4280000000000004	1.02	144487462
bpcells	genemajor	rep2	gene	100	random	005	2.7569999999999997	0.8770000000000002	103554818
bpcells	genemajor	rep2	gene	100	random	006	2.74	0.8330000000000002	102051912
bpcells	genemajor	rep2	gene	100	random	007	2.806	0.9309999999999996	115538142
bpcells	genemajor	rep2	gene	100	random	008	3.4029999999999996	1	136927646
bpcells	genemajor	rep2	gene	100	random	009	3.0319999999999996	1.0140000000000002	150606224
bpcells	genemajor	rep2	gene	100	random	010	3.2910000000000004	0.985	157028252
bpcells	genemajor	rep2	gene	100	sequential	001	0.5429999999999999	0.48	1249782
bpcells	genemajor	rep2	gene	100	sequential	002	0.5679999999999998	0.488	4195319
bpcells	genemajor	rep2	gene	100	sequential	003	0.6819999999999999	0.4820000000000002	64897940
bpcells	genemajor	rep2	gene	100	sequential	004	0.5369999999999997	0.4490000000000003	6166514
bpcells	genemajor	rep2	gene	100	sequential	005	1.339	0.573	249304590
bpcells	genemajor	rep2	gene	100	sequential	006	0.5690000000000002	0.4929999999999999	3878545
bpcells	genemajor	rep2	gene	100	sequential	007	0.5190000000000001	0.4670000000000001	2573526
bpcells	genemajor	rep2	gene	100	sequential	008	0.546	0.47299999999999986	3205980
bpcells	genemajor	rep2	gene	100	sequential	009	2.5640000000000005	0.6470000000000002	619199008
bpcells	genemajor	rep2	gene	100	sequential	010	0.5380000000000003	0.4670000000000001	21239213
bpcells	genemajor	rep2	gene	300	random	001	8.501000000000001	2.1969999999999996	485855708
bpcells	genemajor	rep2	gene	300	random	002	8.245000000000001	2.032	491796881
bpcells	genemajor	rep2	gene	300	random	003	7.702	1.961	465034565
bpcells	genemajor	rep2	gene	300	random	004	8.152999999999999	2.0380000000000003	443602972
bpcells	genemajor	rep2	gene	300	random	005	8.217	2.005	515296945
bpcells	genemajor	rep2	gene	300	random	006	8.088000000000001	2.0229999999999997	482805339
bpcells	genemajor	rep2	gene	300	random	007	8.367999999999999	2.061	499335858
bpcells	genemajor	rep2	gene	300	random	008	8.043999999999999	2.036	445853223
bpcells	genemajor	rep2	gene	300	random	009	7.729	1.928	420942939
bpcells	genemajor	rep2	gene	300	random	010	8.337	2.0329999999999995	520331555
bpcells	genemajor	rep2	gene	300	sequential	001	4.3100000000000005	0.7350000000000003	1075241161
bpcells	genemajor	rep2	gene	300	sequential	002	6.018	0.8380000000000001	1532889651
bpcells	genemajor	rep2	gene	300	sequential	003	0.5129999999999999	0.4270000000000001	11651242
bpcells	genemajor	rep2	gene	300	sequential	004	0.5510000000000002	0.4580000000000002	17035386
bpcells	genemajor	rep2	gene	300	sequential	005	0.48199999999999976	0.42100000000000026	3952546
bpcells	genemajor	rep2	gene	300	sequential	006	0.7520000000000001	0.43800000000000017	96023905
bpcells	genemajor	rep2	gene	300	sequential	007	0.691	0.4660000000000002	74468997
bpcells	genemajor	rep2	gene	300	sequential	008	0.564	0.4700000000000002	17052807
bpcells	genemajor	rep2	gene	300	sequential	009	3.798	0.6989999999999998	961234672
bpcells	genemajor	rep2	gene	300	sequential	010	0.5210000000000002	0.4209999999999998	17389424
bpcells	genemajor	rep2	gene	60530	sequential	001	422.394	29.38	95645830752
tiledb	norm	rep1	gene	60530	sequential	001	5701.653996516	591.6469311714172	95645830752
tiledb	norm	rep2	gene	60530	sequential	001	5670.965526363	587.3934199810028	95645830752
tiledb		rep1	cell	1	random	001	0.7423646100000001	0.709510326385498	1620
tiledb		rep1	cell	1	random	002	0.7328586680000004	0.695213794708252	1393
tiledb		rep1	cell	1	random	003	0.803723819	0.7191121578216553	5528
tiledb		rep1	cell	1	random	004	0.6690638660000001	0.6205716133117676	2600
tiledb		rep1	cell	1	random	005	0.7337815670000003	0.7034242153167725	2736
tiledb		rep1	cell	1	random	006	0.7104678259999995	0.6790213584899902	637
tiledb		rep1	cell	1	random	007	0.7059253830000003	0.6732268333435059	690
tiledb		rep1	cell	1	random	008	0.7156695900000001	0.6719675064086914	1604
tiledb		rep1	cell	1	random	009	0.7180573800000003	0.6790816783905029	1496
tiledb		rep1	cell	1	random	010	0.6488666299999997	0.6184837818145752	936
tiledb		rep1	cell	1	sequential	001	0.6859169540000005	0.6698641777038574	1227
tiledb		rep1	cell	1	sequential	002	0.7682593649999996	0.7287218570709229	244
tiledb		rep1	cell	1	sequential	003	0.7519602980000002	0.6988735198974609	1779
tiledb		rep1	cell	1	sequential	004	0.7256955170000001	0.6874785423278809	2141
tiledb		rep1	cell	1	sequential	005	0.7479024250000004	0.7004356384277344	1842
tiledb		rep1	cell	1	sequential	006	0.7695985639999998	0.7085864543914795	3686
tiledb		rep1	cell	1	sequential	007	0.716402296	0.6872866153717041	986
tiledb		rep1	cell	1	sequential	008	0.7339976689999999	0.7022786140441895	607
tiledb		rep1	cell	1	sequential	009	0.7189028329999996	0.6900601387023926	2065
tiledb		rep1	cell	1	sequential	010	0.7837856279999995	0.7144787311553955	902
tiledb		rep1	cell	10	random	001	1.3442168950000006	0.7599656581878662	22019
tiledb		rep1	cell	10	random	002	1.1059440290000009	0.6563515663146973	18663
tiledb		rep1	cell	10	random	003	1.1986902720000003	0.7422139644622803	13522
tiledb		rep1	cell	10	random	004	1.159174802	0.7136383056640625	9603
tiledb		rep1	cell	10	random	005	1.3020401919999998	0.7592582702636719	27337
tiledb		rep1	cell	10	random	006	1.2724727170000003	0.7374224662780762	18738
tiledb		rep1	cell	10	random	007	1.2138972680000002	0.7356157302856445	22797
tiledb		rep1	cell	10	random	008	1.1907631830000005	0.72078537940979	17717
tiledb		rep1	cell	10	random	009	1.2486045680000002	0.7321231365203857	23868
tiledb		rep1	cell	10	random	010	1.1905123499999997	0.7245175838470459	15870
tiledb		rep1	cell	10	sequential	001	0.7354139449999995	0.707977294921875	16899
tiledb		rep1	cell	10	sequential	002	0.7223906519999996	0.682765007019043	18994
tiledb		rep1	cell	10	sequential	003	0.7158098110000006	0.6713657379150391	11307
tiledb		rep1	cell	10	sequential	004	0.726952464	0.688256025314331	17935
tiledb		rep1	cell	10	sequential	005	0.6623098250000004	0.6370818614959717	4431
tiledb		rep1	cell	10	sequential	006	0.7799835069999999	0.6781489849090576	79381
tiledb		rep1	cell	10	sequential	007	0.7294457739999993	0.6685752868652344	24219
tiledb		rep1	cell	10	sequential	008	0.718299923	0.6940960884094238	13630
tiledb		rep1	cell	10	sequential	009	0.7686218580000004	0.6715304851531982	86435
tiledb		rep1	cell	10	sequential	010	0.7655086369999999	0.6794078350067139	50471
tiledb		rep1	cell	100	random	001	7.232065561999999	1.4607164859771729	255263
tiledb		rep1	cell	100	random	002	6.559738753	1.3398244380950928	200844
tiledb		rep1	cell	100	random	003	8.067657782	1.4982993602752686	243925
tiledb		rep1	cell	100	random	004	6.4094317169999995	1.322117805480957	184709
tiledb		rep1	cell	100	random	005	6.747232385	1.335404396057129	220583
tiledb		rep1	cell	100	random	006	6.489275146000001	1.345916986465454	198689
tiledb		rep1	cell	100	random	007	7.087073766	1.3953540325164795	240527
tiledb		rep1	cell	100	random	008	6.540246589	1.2278385162353516	199362
tiledb		rep1	cell	100	random	009	6.735184758000001	1.3493757247924805	203356
tiledb		rep1	cell	100	random	010	6.40900997	1.243312120437622	188593
tiledb		rep1	cell	100	sequential	001	0.6895369050000006	0.6734054088592529	80890
tiledb		rep1	cell	100	sequential	002	0.6390761569999999	0.6087157726287842	133123
tiledb		rep1	cell	100	sequential	003	0.726168318	0.666640043258667	176468
tiledb		rep1	cell	100	sequential	004	0.7009332869999998	0.6585896015167236	177045
tiledb		rep1	cell	100	sequential	005	0.73218855	0.6854300498962402	176565
tiledb		rep1	cell	100	sequential	006	0.7367975439999999	0.680692195892334	244061
tiledb		rep1	cell	100	sequential	007	0.7192879420000002	0.6631288528442383	241329
tiledb		rep1	cell	100	sequential	008	0.6909096610000001	0.6063978672027588	283769
tiledb		rep1	cell	100	sequential	009	0.6585581629999995	0.599794864654541	306538
tiledb		rep1	cell	100	sequential	010	0.7204290279999999	0.6538102626800537	332485
tiledb		rep1	cell	1000	random	001	59.099289948	7.226862192153931	2103783
tiledb		rep1	cell	1000	random	002	61.407313794	7.415111541748047	2189598
tiledb		rep1	cell	1000	random	003	61.629405034	7.382707834243774	2075667
tiledb		rep1	cell	1000	random	004	61.554688995	7.32129430770874	2086627
tiledb		rep1	cell	1000	random	005	62.784289077	7.513826608657837	2121041
tiledb		rep1	cell	1000	random	006	62.77865125	7.509781122207642	2238575
tiledb		rep1	cell	1000	random	007	63.293595757999995	7.484227418899536	2117167
tiledb		rep1	cell	1000	random	008	64.222536689	7.521826267242432	2178672
tiledb		rep1	cell	1000	random	009	63.117054196999995	7.5853564739227295	2084946
tiledb		rep1	cell	1000	random	010	63.979991724	7.432937145233154	2186198
tiledb		rep1	cell	1000	sequential	001	0.9423836469999998	0.7212097644805908	2656310
tiledb		rep1	cell	1000	sequential	002	0.7871769730000002	0.6437244415283203	1988884
tiledb		rep1	cell	1000	sequential	003	0.8172038840000004	0.6999568939208984	1193776
tiledb		rep1	cell	1000	sequential	004	0.7676189630000003	0.6225128173828125	1716237
tiledb		rep1	cell	1000	sequential	005	1.071672866	0.7095918655395508	5606085
tiledb		rep1	cell	1000	sequential	006	0.7774199389999996	0.6458516120910645	1805526
tiledb		rep1	cell	1000	sequential	007	0.8376990539999998	0.67228102684021	2508580
tiledb		rep1	cell	1000	sequential	008	0.7477848890000001	0.6855013370513916	431993
tiledb		rep1	cell	1000	sequential	009	0.7871660130000002	0.6789829730987549	1283280
tiledb		rep1	cell	1000	sequential	010	1.1143900900000006	0.6846828460693359	6995556
tiledb		rep1	cell	10000	random	001	546.72730317	58.64332938194275	21523985
tiledb		rep1	cell	10000	random	002	564.840617064	59.52907729148865	21582484
tiledb		rep1	cell	10000	random	003	568.6250852779999	60.07692575454712	21710922
tiledb		rep1	cell	10000	random	004	570.198350752	59.91248893737793	21557091
tiledb		rep1	cell	10000	random	005	567.778861684	60.09885787963867	21456885
tiledb		rep1	cell	10000	random	006	571.6779947370001	60.213693380355835	21527438
tiledb		rep1	cell	10000	random	007	572.284153983	60.39164710044861	21585808
tiledb		rep1	cell	10000	random	008	569.838053259	59.943339109420776	21646585
tiledb		rep1	cell	10000	random	009	572.780681389	60.33273696899414	21516026
tiledb		rep1	cell	10000	random	010	569.552915421	60.12225365638733	21445864
tiledb		rep1	cell	10000	sequential	001	1.2519634020000003	0.7646927833557129	9037105
tiledb		rep1	cell	10000	sequential	002	1.789236849	0.8475983142852783	16739383
tiledb		rep1	cell	10000	sequential	003	2.174586936	0.8619382381439209	21827533
tiledb		rep1	cell	10000	sequential	004	4.749328919	1.1053574085235596	47175808
tiledb		rep1	cell	10000	sequential	005	3.684702165	0.9815173149108888	46893304
tiledb		rep1	cell	10000	sequential	006	2.3873367389999993	0.9285540580749512	25368693
tiledb		rep1	cell	10000	sequential	007	2.0183317710000006	0.8460853099822998	21274710
tiledb		rep1	cell	10000	sequential	008	1.7339960750000003	0.7556555271148682	17489161
tiledb		rep1	cell	10000	sequential	009	2.5299596210000006	0.9319212436676024	27381151
tiledb		rep1	cell	10000	sequential	010	1.3510266619999998	0.7688918113708496	9970175
tiledb		rep1	cell	100000	random	001	2547.8728002059997	305.24019622802734	216301828
tiledb		rep1	cell	100000	random	002	2558.8243429900003	308.0603859424591	215870467
tiledb		rep1	cell	100000	sequential	001	5.6239194900000005	1.2802245616912842	69555091
tiledb		rep1	cell	100000	sequential	002	5.464561562999999	1.2796454429626465	69303174
tiledb		rep1	cell	100000	sequential	003	6.067196545	1.3285179138183594	79339640
tiledb		rep1	cell	100000	sequential	004	6.226233063	1.311086893081665	87635801
tiledb		rep1	cell	100000	sequential	005	10.44243524	1.8377041816711424	150236057
tiledb		rep1	cell	100000	sequential	006	6.127721770000001	1.3397042751312256	79282936
tiledb		rep1	cell	100000	sequential	007	10.490227917	1.7656645774841309	153009228
tiledb		rep1	cell	100000	sequential	008	11.855254069	1.9447433948516848	180063262
tiledb		rep1	cell	100000	sequential	009	10.313973987	1.7026989459991455	155953359
tiledb		rep1	cell	100000	sequential	010	3.888569481	1.1366400718688965	45904696
tiledb		rep1	cell	300000	random	001	3993.101617082	459.8824157714844	648613446
tiledb		rep1	cell	300000	random	002	3986.377553347	457.2304992675781	647499299
tiledb		rep1	cell	300000	sequential	001	36.040462396	4.975337266921997	540534732
tiledb		rep1	cell	300000	sequential	002	59.023087544	7.332291126251221	874381919
tiledb		rep1	cell	300000	sequential	003	52.979551315	6.61077094078064	851915523
tiledb		rep1	cell	300000	sequential	004	103.783084061	12.242182970046995	1652862106
tiledb		rep1	cell	300000	sequential	005	22.106520417	3.22232985496521	360119687
tiledb		rep1	cell	300000	sequential	006	36.456616284	4.657896041870117	598147731
tiledb		rep1	cell	300000	sequential	007	11.542477859	1.9856536388397217	175006627
tiledb		rep1	cell	300000	sequential	008	80.647165455	9.66478681564331	1318660483
tiledb		rep1	cell	300000	sequential	009	30.420900402999997	3.758071184158325	505857952
tiledb		rep1	cell	300000	sequential	010	38.575443563	5.053743600845337	641938092
tiledb		rep1	gene	1	random	001	202.44563981	34.6016366481781	39475
tiledb		rep1	gene	1	random	002	85.984323246	15.200598001480104	10912
tiledb		rep1	gene	1	random	003	20.523315179	3.447861433029175	826
tiledb		rep1	gene	1	random	004	589.7082454790001	69.43236494064331	234451
tiledb		rep1	gene	1	random	005	479.239650141	58.75935745239258	5379870
tiledb		rep1	gene	1	random	006	103.640250127	18.006433963775635	29740
tiledb		rep1	gene	1	random	007	472.845949236	58.18551015853882	4572078
tiledb		rep1	gene	1	random	008	84.87205060299999	14.778851747512816	319
tiledb		rep1	gene	1	random	009	234.172428176	37.78065800666809	292790
tiledb		rep1	gene	1	random	010	129.89259316	20.599699020385746	88431
tiledb		rep1	gene	1	sequential	001	177.026471157	30.219789505004883	8405
tiledb		rep1	gene	1	sequential	002	223.518530352	37.12709641456604	469073
tiledb		rep1	gene	1	sequential	003	106.932143531	17.94605588912964	256
tiledb		rep1	gene	1	sequential	004	102.057745581	17.670341730117798	697
tiledb		rep1	gene	1	sequential	005	113.845227826	19.256378173828125	70651
tiledb		rep1	gene	1	sequential	006	106.681892729	17.73815083503723	3220
tiledb		rep1	gene	1	sequential	007	115.791258246	18.14453649520874	28
tiledb		rep1	gene	1	sequential	008	745.717532285	83.22104597091675	5889061
tiledb		rep1	gene	1	sequential	009	113.753338524	18.293383598327637	5824
tiledb		rep1	gene	1	sequential	010	699.5926154030001	79.32492804527283	18595333
tiledb		rep1	gene	10	random	001	1379.68610889	138.22922945022583	42619032
tiledb		rep1	gene	10	random	002	644.0763122300001	72.01089978218079	345855
tiledb		rep1	gene	10	random	003	1682.935309158	165.98105216026306	17853445
tiledb		rep1	gene	10	random	004	1650.938452272	163.02813410758972	15245180
tiledb		rep1	gene	10	random	005	1789.231752078	171.81349515914917	26254672
tiledb		rep1	gene	10	sequential	001	744.150749064	82.29535675048828	57003345
tiledb		rep1	gene	10	sequential	002	611.096185661	70.8808765411377	29367130
tiledb		rep1	gene	10	sequential	003	753.2277501950001	83.79398083686829	49935993
tiledb		rep1	gene	10	sequential	004	644.3776304649999	74.12239122390747	56752978
tiledb		rep1	gene	10	sequential	005	128.349789834	21.400288105010983	334788
tiledb		rep1	gene	10	sequential	006	293.291362627	44.17652344703674	9558244
tiledb		rep1	gene	10	sequential	007	126.528759507	21.387150764465332	162115
tiledb		rep1	gene	10	sequential	008	145.21938289	24.60109519958496	173102
tiledb		rep1	gene	10	sequential	009	125.817006968	19.058858156204224	2720
tiledb		rep1	gene	10	sequential	010	98.77053368	16.46539330482483	8966
tiledb		rep1	gene	100	random	001	4729.877124127	473.6007122993469	188007877
tiledb		rep1	gene	100	random	002	5016.568662552	524.7832751274109	183843925
tiledb		rep1	gene	100	sequential	001	120.664317395	21.29497480392456	1249782
tiledb		rep1	gene	100	sequential	002	146.392940756	25.906033754348755	4195319
tiledb		rep1	gene	100	sequential	003	272.937383078	42.144588232040405	64897940
tiledb		rep1	gene	100	sequential	004	149.821380665	25.74746799468994	6166514
tiledb		rep1	gene	100	sequential	005	522.120540754	63.24227690696716	249304590
tiledb		rep1	gene	100	sequential	006	139.225479011	25.3885178565979	3878545
tiledb		rep1	gene	100	sequential	007	113.299540405	21.091498613357544	2573526
tiledb		rep1	gene	100	sequential	008	144.22148182	25.14677858352661	3205980
tiledb		rep1	gene	100	sequential	009	788.466037058	85.86220788955688	619199008
tiledb		rep1	gene	100	sequential	010	105.831220017	18.740671396255493	21239213
tiledb		rep1	gene	300	random	001	6226.190972920001	619.1996612548828	485855708
tiledb		rep1	gene	300	sequential	001	542.878118365	66.16125559806824	1075241161
tiledb		rep1	gene	300	sequential	002	756.298751521	85.72426223754883	1532889651
tiledb		rep1	gene	300	sequential	003	125.564653159	25.007771492004395	11651242
tiledb		rep1	gene	300	sequential	004	142.908289798	26.12947154045105	17035386
tiledb		rep1	gene	300	sequential	005	134.943059947	25.451864004135132	3952546
tiledb		rep1	gene	300	sequential	006	250.010092183	40.23409390449524	96023905
tiledb		rep1	gene	300	sequential	007	128.098051589	22.26844358444214	74468997
tiledb		rep1	gene	300	sequential	008	141.465165292	25.85281991958618	17052807
tiledb		rep1	gene	300	sequential	009	537.512959089	65.0351254940033	961234672
tiledb		rep1	gene	300	sequential	010	137.19902803399998	26.04929256439209	17389424
tiledb		rep1	gene	60530	sequential	001	5871.913486593	615.8733034133911	95645830752
tiledb		rep2	cell	1	random	001	0.663636747	0.6252195835113525	1620
tiledb		rep2	cell	1	random	002	0.661657387	0.6175057888031006	1393
tiledb		rep2	cell	1	random	003	0.7826291880000005	0.7066071033477783	5528
tiledb		rep2	cell	1	random	004	0.7600809320000002	0.7158713340759277	2600
tiledb		rep2	cell	1	random	005	0.7163800330000001	0.6779203414916992	2736
tiledb		rep2	cell	1	random	006	0.7225902549999992	0.6892907619476318	637
tiledb		rep2	cell	1	random	007	0.7171002199999998	0.6840114593505859	690
tiledb		rep2	cell	1	random	008	0.7483218860000003	0.7109389305114746	1604
tiledb		rep2	cell	1	random	009	0.7084075090000006	0.6669909954071045	1496
tiledb		rep2	cell	1	random	010	0.6942826169999998	0.6614441871643066	936
tiledb		rep2	cell	1	sequential	001	0.7900272679999993	0.7773888111114502	1227
tiledb		rep2	cell	1	sequential	002	0.7761924929999999	0.73462677001953125	244
tiledb		rep2	cell	1	sequential	003	0.7031753200000006	0.6506178379058838	1779
tiledb		rep2	cell	1	sequential	004	0.7004431489999998	0.6584393978118896	2141
tiledb		rep2	cell	1	sequential	005	0.7867163220000002	0.7386889457702637	1842
tiledb		rep2	cell	1	sequential	006	0.7487218530000002	0.6830182075500488	3686
tiledb		rep2	cell	1	sequential	007	0.7559565079999997	0.728386640548706	986
tiledb		rep2	cell	1	sequential	008	0.6510415150000002	0.6187772750854492	607
tiledb		rep2	cell	1	sequential	009	0.7204797989999996	0.6956596374511719	2065
tiledb		rep2	cell	1	sequential	010	0.7938220019999997	0.728003740310669	902
tiledb		rep2	cell	10	random	001	1.3395181060000008	0.7321431636810303	22019
tiledb		rep2	cell	10	random	002	1.116707013	0.6564257144927979	18663
tiledb		rep2	cell	10	random	003	1.2099146519999993	0.7534754276275635	13522
tiledb		rep2	cell	10	random	004	1.149817873	0.7347071170806885	9603
tiledb		rep2	cell	10	random	005	1.342189908	0.7574002742767334	27337
tiledb		rep2	cell	10	random	006	1.3243487749999998	0.742581844329834	18738
tiledb		rep2	cell	10	random	007	1.2744378760000004	0.7712569236755371	22797
tiledb		rep2	cell	10	random	008	1.1398201009999998	0.6644420623779297	17717
tiledb		rep2	cell	10	random	009	1.20924107	0.7245950698852539	23868
tiledb		rep2	cell	10	random	010	1.237911179	0.7401692867279053	15870
tiledb		rep2	cell	10	sequential	001	0.7385473060000001	0.7171080112457275	16899
tiledb		rep2	cell	10	sequential	002	0.7226998399999998	0.6813473701477051	18994
tiledb		rep2	cell	10	sequential	003	0.7154216299999998	0.67450714111328125	11307
tiledb		rep2	cell	10	sequential	004	0.7437231189999993	0.705996036529541	17935
tiledb		rep2	cell	10	sequential	005	0.6747505179999997	0.6494550704956055	4431
tiledb		rep2	cell	10	sequential	006	0.8033268549999999	0.6997473239898682	79381
tiledb		rep2	cell	10	sequential	007	0.7541546339999998	0.6923184394836426	24219
tiledb		rep2	cell	10	sequential	008	0.7241806970000004	0.6991629600524902	13630
tiledb		rep2	cell	10	sequential	009	0.8081247900000008	0.7246809005737305	86435
tiledb		rep2	cell	10	sequential	010	0.7502520049999992	0.6623244285583496	50471
tiledb		rep2	cell	100	random	001	6.839372115	1.3610050678253174	255263
tiledb		rep2	cell	100	random	002	6.666742247	1.3714733123779297	200844
tiledb		rep2	cell	100	random	003	6.8322716770000005	1.3195061683654783	243925
tiledb		rep2	cell	100	random	004	6.034132594000001	1.2946929931640625	184709
tiledb		rep2	cell	100	random	005	6.671427298	1.3478851318359375	220583
tiledb		rep2	cell	100	random	006	6.643945518	1.3263216018676758	198689
tiledb		rep2	cell	100	random	007	7.166993456	1.3824167251586914	240527
tiledb		rep2	cell	100	random	008	6.694858334999999	1.31775164604187	199362
tiledb		rep2	cell	100	random	009	6.796943973	1.416145086288452	203356
tiledb		rep2	cell	100	random	010	6.360565288999999	1.2850027084350586	188593
tiledb		rep2	cell	100	sequential	001	0.6321681269999999	0.6116085052490234	80890
tiledb		rep2	cell	100	sequential	002	0.645407284	0.6137056350708008	133123
tiledb		rep2	cell	100	sequential	003	0.7198047220000001	0.6618409156799316	176468
tiledb		rep2	cell	100	sequential	004	0.7235824199999996	0.6716046333312988	177045
tiledb		rep2	cell	100	sequential	005	0.7291030459999996	0.6839570999145508	176565
tiledb		rep2	cell	100	sequential	006	0.7065960010000003	0.6508922576904297	244061
tiledb		rep2	cell	100	sequential	007	0.7384594049999995	0.6866936683654785	241329
tiledb		rep2	cell	100	sequential	008	0.7787264699999996	0.6985266208648682	283769
tiledb		rep2	cell	100	sequential	009	0.7512076219999999	0.680462121963501	306538
tiledb		rep2	cell	100	sequential	010	0.7281025940000001	0.6589915752410889	332485
tiledb		rep2	cell	1000	random	001	58.51940757	7.0951759815216064	2103783
tiledb		rep2	cell	1000	random	002	61.73726891	7.223859310150147	2189598
tiledb		rep2	cell	1000	random	003	61.962089163	7.401056528091431	2075667
tiledb		rep2	cell	1000	random	004	61.148766613	7.2554144859313965	2086627
tiledb		rep2	cell	1000	random	005	62.87775896600001	7.37539529800415	2121041
tiledb		rep2	cell	1000	random	006	62.493188218	7.363282203674316	2238575
tiledb		rep2	cell	1000	random	007	62.275195845	7.21678638458252	2117167
tiledb		rep2	cell	1000	random	008	63.963175532	7.437226295471191	2178672
tiledb		rep2	cell	1000	random	009	63.067648059	7.447952747344971	2084946
tiledb		rep2	cell	1000	random	010	64.416204491	7.315858602523804	2186198
tiledb		rep2	cell	1000	sequential	001	0.970678811	0.744654655456543	2656310
tiledb		rep2	cell	1000	sequential	002	0.849579984	0.7111973762512207	1988884
tiledb		rep2	cell	1000	sequential	003	0.797765418	0.677908182144165	1193776
tiledb		rep2	cell	1000	sequential	004	0.8519138330000002	0.7095987796783447	1716237
tiledb		rep2	cell	1000	sequential	005	0.9631727119999997	0.6359672546386719	5606085
tiledb		rep2	cell	1000	sequential	006	0.7863467420000001	0.6629767417907715	1805526
tiledb		rep2	cell	1000	sequential	007	0.8217273199999999	0.6600701808929443	2508580
tiledb		rep2	cell	1000	sequential	008	0.6616884299999999	0.5989813804626465	431993
tiledb		rep2	cell	1000	sequential	009	0.7826380889999998	0.6771111488342285	1283280
tiledb		rep2	cell	1000	sequential	010	1.1635423630000004	0.7309103012084961	6995556
tiledb		rep2	cell	10000	random	001	549.207808511	58.7641224861145	21523985
tiledb		rep2	cell	10000	random	002	563.582053603	59.296746015548706	21582484
tiledb		rep2	cell	10000	random	003	569.068076454	59.66165590286255	21710922
tiledb		rep2	cell	10000	random	004	569.7457101030001	59.84766125679016	21557091
tiledb		rep2	cell	10000	random	005	571.152749112	59.727248430252075	21456885
tiledb		rep2	cell	10000	random	006	573.7490740850001	59.89497184753418	21527438
tiledb		rep2	cell	10000	random	007	573.561551115	59.89914321899414	21585808
tiledb		rep2	cell	10000	random	008	573.005747511	59.793954372406006	21646585
tiledb		rep2	cell	10000	random	009	574.5942760649999	60.1433002948761	21516026
tiledb		rep2	cell	10000	random	010	576.364176764	60.3860719203949	21445864
tiledb		rep2	cell	10000	sequential	001	1.274162993	0.78401947021484375	9037105
tiledb		rep2	cell	10000	sequential	002	1.824570382	0.8555459976196289	16739383
tiledb		rep2	cell	10000	sequential	003	2.1615366199999997	0.9052667617797852	21827533
tiledb		rep2	cell	10000	sequential	004	3.657549030000001	0.9513871669769288	47175808
tiledb		rep2	cell	10000	sequential	005	4.358681407	1.1047825813293457	46893304
tiledb		rep2	cell	10000	sequential	006	2.387461921	0.9437973499298096	25368693
tiledb		rep2	cell	10000	sequential	007	2.079330549	0.853534460067749	21274710
tiledb		rep2	cell	10000	sequential	008	1.77218168	0.8267021179199219	17489161
tiledb		rep2	cell	10000	sequential	009	2.5060725249999996	0.9006998538970947	27381151
tiledb		rep2	cell	10000	sequential	010	1.3483499559999998	0.7511496543884277	9970175
tiledb		rep2	cell	100000	random	001	2555.224966976	302.17104744911194	216301828
tiledb		rep2	cell	100000	random	002	2542.379671733	301.2356913089752	215870467
tiledb		rep2	cell	100000	sequential	001	5.770308207999999	1.2903482913970947	69555091
tiledb		rep2	cell	100000	sequential	002	5.304377091999999	1.30920672416687	69303174
tiledb		rep2	cell	100000	sequential	003	6.1649828829999995	1.3744447231292725	79339640
tiledb		rep2	cell	100000	sequential	004	6.351735493999999	1.3855233192443848	87635801
tiledb		rep2	cell	100000	sequential	005	10.406074506	1.7901008129119873	150236057
tiledb		rep2	cell	100000	sequential	006	5.817837808	1.2902462482452393	79282936
tiledb		rep2	cell	100000	sequential	007	10.117862748	1.7618913650512695	153009228
tiledb		rep2	cell	100000	sequential	008	12.011319301000002	1.9687578678131104	180063262
tiledb		rep2	cell	100000	sequential	009	10.208276129	1.821608304977417	155953359
tiledb		rep2	cell	100000	sequential	010	3.676679011	1.0374815464019775	45904696
tiledb		rep2	cell	300000	random	001	4032.740362887	467.2821831703186	648613446
tiledb		rep2	cell	300000	random	002	4067.252192214	471.8133246898651	647499299
tiledb		rep2	cell	300000	sequential	001	35.533375702	4.871524810791016	540534732
tiledb		rep2	cell	300000	sequential	002	57.286600329	7.138047456741333	874381919
tiledb		rep2	cell	300000	sequential	003	52.110512973	6.357568979263306	851915523
tiledb		rep2	cell	300000	sequential	004	101.900232511	12.150119066238403	1652862106
tiledb		rep2	cell	300000	sequential	005	22.478856183	3.148452043533325	360119687
tiledb		rep2	cell	300000	sequential	006	37.076391658000006	5.022738218307495	598147731
tiledb		rep2	cell	300000	sequential	007	11.471737025	2.1389644145965576	175006627
tiledb		rep2	cell	300000	sequential	008	82.908673086	9.931609869003296	1318660483
tiledb		rep2	cell	300000	sequential	009	30.808296162	3.834064960479736	505857952
tiledb		rep2	cell	300000	sequential	010	39.727095064	5.167708396911621	641938092
tiledb		rep2	gene	1	random	001	210.981415514	34.29436254501343	39475
tiledb		rep2	gene	1	random	002	88.669246926	15.072789669036863	10912
tiledb		rep2	gene	1	random	003	20.459860082	3.435828447341919	826
tiledb		rep2	gene	1	random	004	595.071507459	69.35939455032349	234451
tiledb		rep2	gene	1	random	005	484.211810063	58.79320001602173	5379870
tiledb		rep2	gene	1	random	006	102.992200722	18.066184520721436	29740
tiledb		rep2	gene	1	random	007	480.450062156	58.4817488193512	4572078
tiledb		rep2	gene	1	random	008	93.571670391	14.7655930519104	319
tiledb		rep2	gene	1	random	009	238.104549761	37.65709090232849	292790
tiledb		rep2	gene	1	random	010	128.578686543	20.524784564971924	88431
tiledb		rep2	gene	1	sequential	001	181.237203253	29.906001567840576	8405
tiledb		rep2	gene	1	sequential	002	226.982402546	36.625006914138794	469073
tiledb		rep2	gene	1	sequential	003	106.000288802	17.82300090789795	256
tiledb		rep2	gene	1	sequential	004	104.33897356	17.47536540031433	697
tiledb		rep2	gene	1	sequential	005	120.922670337	19.105369806289673	70651
tiledb		rep2	gene	1	sequential	006	115.39399386	17.61016297340393	3220
tiledb		rep2	gene	1	sequential	007	118.081719519	17.905157804489136	28
tiledb		rep2	gene	1	sequential	008	749.726240816	82.06721925735474	5889061
tiledb		rep2	gene	1	sequential	009	114.767710853	18.28992199897766	5824
tiledb		rep2	gene	1	sequential	010	711.26338165	79.65267252922058	18595333
tiledb		rep2	gene	10	random	001	1391.884338492	139.41499948501587	42619032
tiledb		rep2	gene	10	random	002	646.206572978	72.34102201461792	345855
tiledb		rep2	gene	10	random	003	1698.392824514	168.22814679145813	17853445
tiledb		rep2	gene	10	random	004	1674.89349829	164.28717064857483	15245180
tiledb		rep2	gene	10	random	005	1808.059888366	173.51439237594604	26254672
tiledb		rep2	gene	10	sequential	001	759.1130398700001	82.5904426574707	57003345
tiledb		rep2	gene	10	sequential	002	619.5060806399999	71.12786364555359	29367130
tiledb		rep2	gene	10	sequential	003	759.0502423319999	84.50116991996765	49935993
tiledb		rep2	gene	10	sequential	004	646.7790838699999	74.21087503433228	56752978
tiledb		rep2	gene	10	sequential	005	136.24884293800002	21.3444402217865	334788
tiledb		rep2	gene	10	sequential	006	298.750785184	43.79296064376831	9558244
tiledb		rep2	gene	10	sequential	007	131.56940312	21.157721996307373	162115
tiledb		rep2	gene	10	sequential	008	145.04173242	24.39004683494568	173102
tiledb		rep2	gene	10	sequential	009	119.606877031	18.98735618591309	2720
tiledb		rep2	gene	10	sequential	010	106.714440151	16.305543184280396	8966
tiledb		rep2	gene	100	random	001	4766.183370962	478.0592772960663	188007877
tiledb		rep2	gene	100	random	002	5033.3522902019995	533.0647478103638	183843925
tiledb		rep2	gene	100	sequential	001	118.638439804	21.29763698577881	1249782
tiledb		rep2	gene	100	sequential	002	155.394640177	25.83414340019226	4195319
tiledb		rep2	gene	100	sequential	003	278.107040227	42.20436763763428	64897940
tiledb		rep2	gene	100	sequential	004	154.14282641600002	25.565829038619995	6166514
tiledb		rep2	gene	100	sequential	005	527.3992951519999	63.62766003608704	249304590
tiledb		rep2	gene	100	sequential	006	148.202545096	25.2160701751709	3878545
tiledb		rep2	gene	100	sequential	007	125.520628264	21.279154300689697	2573526
tiledb		rep2	gene	100	sequential	008	145.080453155	24.95175576210022	3205980
tiledb		rep2	gene	100	sequential	009	801.986785335	86.71191954612732	619199008
tiledb		rep2	gene	100	sequential	010	106.877608215	18.755951404571533	21239213
tiledb		rep2	gene	300	random	001	6347.57394587	632.085860490799	485855708
tiledb		rep2	gene	300	sequential	001	562.014826878	68.02838063240051	1075241161
tiledb		rep2	gene	300	sequential	002	772.981213854	86.9990611076355	1532889651
tiledb		rep2	gene	300	sequential	003	137.030530553	25.51811122894287	11651242
tiledb		rep2	gene	300	sequential	004	145.748666918	26.58108067512512	17035386
tiledb		rep2	gene	300	sequential	005	148.647289526	26.006340265274048	3952546
tiledb		rep2	gene	300	sequential	006	260.66081120399997	41.144970417022705	96023905
tiledb		rep2	gene	300	sequential	007	139.27180649099998	22.816444635391235	74468997
tiledb		rep2	gene	300	sequential	008	155.192694663	26.6602783203125	17052807
tiledb		rep2	gene	300	sequential	009	558.16820356	66.84332966804504	961234672
tiledb		rep2	gene	300	sequential	010	145.34262375699998	26.45698118209839	17389424
tiledb		rep2	gene	60530	sequential	001	5983.15200127	635.4850113391876	95645830752
